,index,Instance, Product/Description, Migrations, Days, SumStartingInstance, SumMigrations, BidPriceStart, BidPriceMigrations, Difference
0,570,p2.16xlarge, Red Hat Enterprise Linux,30,323,64933.85280000032,34590.633599999885,0,0,30343.21920000043
1,755,x1.32xlarge, Red Hat Enterprise Linux,1,327,62258.18399999995,32788.1808000002,0,0,29470.00319999975
2,441,x1e.32xlarge, Red Hat Enterprise Linux,7,276,78193.03259999987,53967.90520000012,1,0,24225.127399999765
3,452,x1e.32xlarge, Windows,11,407,162852.24779999908,143800.8216999993,0,0,19051.42609999975
4,446,x1e.32xlarge, Linux/UNIX,11,407,105204.91130000066,86379.20010000031,0,0,18825.71120000037
5,455,x1e.32xlarge, SUSE Linux,11,407,106181.71129999976,87356.00009999973,0,0,18825.711200000038
6,698,x1.16xlarge, Red Hat Enterprise Linux,15,327,31639.212000000152,16901.820000000043,0,0,14737.392000000105
7,775,x1e.16xlarge, Red Hat Enterprise Linux,13,250,35705.41919999992,24830.641600000097,1,0,10874.777599999821
8,546,p3.16xlarge, Red Hat Enterprise Linux,6,140,34792.73860000002,25247.884800000025,1,0,9544.853799999992
9,201,i3.8xlarge, Linux/UNIX,22,407,16609.772100000075,7384.030799999981,0,0,9225.741300000092
10,212,i3.8xlarge, SUSE Linux,21,407,17586.57209999998,8360.830799999922,0,0,9225.741300000058
11,227,i3.16xlarge, Red Hat Enterprise Linux,33,327,21935.835900000075,12900.355200000056,0,0,9035.48070000002
12,574,p2.16xlarge, Windows,1,61,24880.240800000043,16005.842399999981,0,0,8874.398400000064
13,568,p2.16xlarge, SUSE Linux,1,60,19984.896,11358.835199999992,0,0,8626.060800000005
14,583,p2.16xlarge, Linux/UNIX,1,60,19840.896,11214.835200000007,0,0,8626.060799999988
15,119,m5.24xlarge, Red Hat Enterprise Linux,14,327,17154.943200000045,8900.617800000013,0,0,8254.325400000032
16,443,r5.24xlarge, Linux/UNIX,18,407,17576.723200000062,9974.008000000036,0,0,7602.715200000026
17,703,m5ad.12xlarge, Red Hat Enterprise Linux,9,323,12637.35530000006,5317.929899999989,0,0,7319.425400000069
18,470,x1e.8xlarge, Red Hat Enterprise Linux,13,323,23500.96319999994,16537.594000000052,0,0,6963.369199999887
19,0,p3.8xlarge, Red Hat Enterprise Linux,7,199,25012.54759999995,18192.16319999994,1,0,6820.38440000001
20,697,r5a.24xlarge, Windows,9,406,59691.74399999968,52949.07880000047,0,0,6742.66519999921
21,648,r5a.24xlarge, Linux/UNIX,7,406,16663.276500000175,9921.017300000038,0,0,6742.259200000137
22,417,r5.24xlarge, Windows,4,407,59819.920799999636,53093.82999999993,0,0,6726.090799999714
23,118,m5.24xlarge, Linux/UNIX,13,407,16307.685299999961,9695.559899999971,0,0,6612.125399999988
24,97,m5.24xlarge, Windows,1,407,59079.794400000144,52636.970399999984,0,0,6442.8240000001615
25,467,m5d.24xlarge, Windows,2,406,58934.635200000135,52503.87359999998,0,0,6430.761600000157
26,484,m5d.24xlarge, Linux/UNIX,24,406,15926.323499999931,9616.523799999959,0,0,6309.79969999997
27,588,r5ad.12xlarge, Red Hat Enterprise Linux,9,323,11195.431400000063,5164.765999999993,0,0,6030.665400000072
28,729,m5a.24xlarge, Linux/UNIX,9,406,15905.131199999907,9939.291399999893,0,0,5965.839800000016
29,711,m5a.24xlarge, Windows,9,406,58934.635200000135,52975.6921,0,0,5958.943100000141
30,679,r4.16xlarge, Red Hat Enterprise Linux,21,327,11752.38000000001,6201.111499999979,0,0,5551.26850000003
31,45,m4.16xlarge, Red Hat Enterprise Linux,34,327,10854.168800000003,5790.80059999997,0,0,5063.368200000034
32,399,c5.18xlarge, Red Hat Enterprise Linux,132,327,12545.027999999913,7555.213199999987,0,0,4989.814799999923
33,83,g3.16xlarge, Red Hat Enterprise Linux,10,323,16542.768000000076,11634.002399999974,0,0,4908.765600000103
34,469,r5d.24xlarge, Red Hat Enterprise Linux,10,323,13755.148800000068,8887.980800000003,0,0,4867.168000000065
35,450,r5.24xlarge, Red Hat Enterprise Linux,4,312,13393.918300000061,8564.990999999942,1,0,4828.927300000119
36,131,c5n.18xlarge, Windows,1,406,43632.65759999976,39030.503999999935,0,0,4602.153599999816
37,472,c5.18xlarge, Windows,1,406,43632.65759999976,39030.503999999935,0,0,4602.153599999816
38,702,c5d.18xlarge, Windows,2,406,43632.65759999976,39039.06479999995,0,0,4593.592799999809
39,141,c5n.18xlarge, Linux/UNIX,21,407,11390.016199999922,6802.294899999932,0,0,4587.721299999989
40,426,z1d.12xlarge, Windows,6,407,39796.77849999981,35298.64459999983,0,0,4498.133899999972
41,398,z1d.12xlarge, Linux/UNIX,7,407,18219.315699999872,13727.527699999882,0,0,4491.787999999988
42,907,z1d.12xlarge, SUSE Linux,7,407,19296.56570000012,14832.91240000002,0,0,4463.653300000098
43,689,c5d.18xlarge, Linux/UNIX,49,407,11695.675500000007,7246.422400000005,0,0,4449.253100000002
44,226,r5.metal, Linux/UNIX,23,406,11199.617800000016,6753.094000000046,0,0,4446.52379999997
45,414,r5.24xlarge, SUSE Linux,9,407,18654.2232,14278.115099999968,0,0,4376.108100000027
46,203,r5.metal, Windows,4,406,54137.66399999964,49762.68770000038,0,0,4374.97629999926
47,791,m5.metal, Windows,1,407,53765.02560000006,49469.491199999815,0,0,4295.534400000252
48,612,m5d.metal, Windows,1,407,53765.02560000006,49469.491199999815,0,0,4295.534400000252
49,672,r4.16xlarge, Windows,1,406,39265.39680000023,34980.36960000022,0,0,4285.027200000019
50,68,r5.12xlarge, Linux/UNIX,30,407,9105.478399999998,4997.918900000008,0,0,4107.559499999989
51,355,i2.8xlarge, Windows,9,406,29311.377699999735,25232.573900000007,0,0,4078.803799999736
52,749,m5.metal, Linux/UNIX,26,407,10636.778799999936,6588.9251999999415,0,0,4047.853599999994
53,535,r5ad.4xlarge, Red Hat Enterprise Linux,8,323,6353.241000000043,2356.358900000004,0,0,3996.882100000039
54,482,c5.24xlarge, Windows,4,316,44819.957799999735,40892.844299999655,0,0,3927.1135000000872
55,192,m5.12xlarge, Red Hat Enterprise Linux,33,327,9087.199200000021,5267.573999999995,0,0,3819.6252000000236
56,416,r5d.12xlarge, Linux/UNIX,3,407,8716.701999999996,4985.895999999961,0,0,3730.806000000036
57,49,m4.16xlarge, Linux/UNIX,51,406,9608.051200000004,5909.8179999999875,0,0,3698.233200000016
58,138,c5n.18xlarge, Red Hat Enterprise Linux,15,322,10014.71519999999,6369.386200000032,0,0,3645.328999999958
59,788,m5d.12xlarge, Linux/UNIX,23,406,8362.691200000041,4796.1540999999925,0,0,3566.5371000000496
60,113,m5.24xlarge, SUSE Linux,15,407,17284.485299999928,13727.273100000013,0,0,3557.2121999999163
61,53,m4.16xlarge, Windows,2,406,38099.01399999998,34559.006500000236,0,0,3540.0074999997382
62,403,c5.18xlarge, Linux/UNIX,142,406,11817.94439999996,8303.96369999999,0,0,3513.9806999999732
63,872,r5a.24xlarge, SUSE Linux,11,406,17738.076499999985,14325.04199999994,0,0,3413.034500000047
64,714,c5d.9xlarge, Linux/UNIX,59,407,6936.904000000002,3541.1888999999946,0,0,3395.7151000000085
65,391,r5d.12xlarge, Windows,3,407,29932.101600000078,26553.64000000007,0,0,3378.4616000000096
66,37,r5.12xlarge, Windows,3,406,29835.892800000263,26465.405700000007,0,0,3370.4871000002568
67,183,r5a.12xlarge, Linux/UNIX,14,406,8522.770500000053,5182.405100000015,0,0,3340.365400000038
68,32,d2.8xlarge, Red Hat Enterprise Linux,1,323,17193.935999999994,13855.439999999908,0,0,3338.4960000000865
69,474,c5.24xlarge, Red Hat Enterprise Linux,90,316,12318.524300000034,8989.579100000003,0,0,3328.945200000031
70,468,c5.24xlarge, Linux/UNIX,90,316,11332.604299999954,8003.659100000009,0,0,3328.945199999945
71,606,m5d.metal, Linux/UNIX,61,407,10629.537599999929,7306.288399999987,0,0,3323.249199999944
72,717,m5a.12xlarge, Windows,9,406,30016.957899999907,26732.819199999994,0,0,3284.138699999912
73,682,r5d.metal, Red Hat Enterprise Linux,18,323,9512.33089999995,6260.9835000000185,0,0,3251.3473999999323
74,893,m5a.24xlarge, SUSE Linux,12,406,16979.43119999995,13728.491999999957,0,0,3250.9391999999957
75,199,r5.metal, Red Hat Enterprise Linux,16,323,9509.31119999995,6260.48490000002,0,0,3248.826299999928
76,19,g2.8xlarge, Red Hat Enterprise Linux,2,323,10310.16000000002,7064.40000000003,0,0,3245.7599999999898
77,454,x1e.4xlarge, Red Hat Enterprise Linux,9,297,11303.037800000027,8066.20309999995,1,0,3236.834700000074
78,490,r5ad.2xlarge, Red Hat Enterprise Linux,22,323,5041.3139999999985,1816.9218000000174,0,0,3224.3921999999798
79,465,m5d.12xlarge, Windows,1,406,29467.80479999991,26245.91519999999,0,0,3221.889599999918
80,176,m5.12xlarge, Windows,1,406,29467.80479999991,26245.91519999999,0,0,3221.889599999918
81,473,m5d.24xlarge, SUSE Linux,29,406,16900.72349999994,13735.8144,0,0,3164.9090999999353
82,767,m5.metal, Red Hat Enterprise Linux,19,323,9119.452799999926,6032.42810000004,0,0,3087.0246999998863
83,883,r5dn.24xlarge, SUSE Linux,4,202,8884.317700000009,5801.446999999997,0,0,3082.870700000012
84,862,r5n.24xlarge, SUSE Linux,4,202,8877.886600000007,5795.0387999999975,0,0,3082.8478000000105
85,340,i2.8xlarge, Red Hat Enterprise Linux,9,323,19938.143999999847,16877.856000000025,0,0,3060.2879999998217
86,62,m4.10xlarge, Linux/UNIX,63,406,6996.076399999994,3947.6811000000175,0,0,3048.395299999976
87,680,c5d.18xlarge, Red Hat Enterprise Linux,35,323,9699.302400000011,6663.2845000000025,0,0,3036.017900000012
88,891,m5dn.24xlarge, SUSE Linux,6,202,8500.566500000017,5555.605199999996,0,0,2944.961300000021
89,66,m4.10xlarge, Red Hat Enterprise Linux,53,327,7166.423300000036,4241.813200000006,0,0,2924.6101000000294
90,913,c5n.metal, SUSE Linux,3,264,10519.267799999958,7662.413000000009,0,0,2856.8547999999487
91,44,r5.12xlarge, Red Hat Enterprise Linux,22,323,7724.312200000002,4954.219800000022,0,0,2770.092399999981
92,33,r4.8xlarge, Red Hat Enterprise Linux,13,327,6385.917600000013,3625.433500000001,0,0,2760.4841000000124
93,652,m5a.12xlarge, Linux/UNIX,11,406,7971.768100000083,5214.082899999943,0,0,2757.68520000014
94,600,r3.8xlarge, Red Hat Enterprise Linux,46,327,6215.027999999986,3464.254499999997,0,0,2750.773499999988
95,780,c5.9xlarge, Red Hat Enterprise Linux,106,327,6782.241599999951,4036.8187999999977,0,0,2745.422799999953
96,768,c5.metal, SUSE Linux,50,307,12191.092799999982,9508.150999999976,0,0,2682.941800000006
97,836,m5n.24xlarge, SUSE Linux,3,202,8205.815300000031,5552.4892999999975,0,0,2653.3260000000346
98,565,p3.2xlarge, Red Hat Enterprise Linux,57,323,10854.350399999947,8226.545000000011,0,0,2627.805399999936
99,59,m4.10xlarge, Windows,2,406,24240.14879999984,21688.81920000002,0,0,2551.329599999819
100,810,c5.metal, Windows,3,307,42192.115199999826,39657.077799999664,0,0,2535.037400000161
101,104,r4.8xlarge, Linux/UNIX,14,407,5725.317900000003,3201.383399999997,0,0,2523.9345000000053
102,463,c5.9xlarge, Linux/UNIX,115,406,6176.214900000008,3662.9597000000012,0,0,2513.2552000000064
103,618,c4.8xlarge, Red Hat Enterprise Linux,77,327,5898.556800000022,3409.4694000000045,0,0,2489.0874000000185
104,28,r5.12xlarge, SUSE Linux,24,407,10183.17839999999,7698.900600000024,0,0,2484.277799999967
105,705,c5d.18xlarge, SUSE Linux,21,407,12672.475500000004,10191.247999999983,0,0,2481.227500000021
106,89,g3.8xlarge, Red Hat Enterprise Linux,19,324,8802.431999999957,6344.928000000017,0,0,2457.50399999994
107,262,r5.metal, SUSE Linux,11,406,12274.867799999962,9842.795899999986,0,0,2432.071899999976
108,433,r5d.12xlarge, Red Hat Enterprise Linux,4,323,7381.454399999967,4949.62240000001,0,0,2431.831999999957
109,101,c5n.9xlarge, Red Hat Enterprise Linux,7,323,6077.264500000002,3680.8711999999823,0,0,2396.39330000002
110,409,c5.18xlarge, SUSE Linux,93,406,12792.34440000003,10441.638399999998,0,0,2350.706000000035
111,728,c5d.9xlarge, SUSE Linux,35,407,7913.888399999996,5569.22070000001,0,0,2344.667699999987
112,784,c5.9xlarge, Windows,1,406,21816.81600000018,19515.739199999975,0,0,2301.0768000002026
113,725,c5d.9xlarge, Windows,2,406,21816.81600000018,19519.32239999998,0,0,2297.4936000002012
114,658,r5a.24xlarge, Red Hat Enterprise Linux,2,154,6592.39250000001,4296.734399999996,1,0,2295.658100000014
115,624,r3.8xlarge, Linux/UNIX,49,407,5312.9463000000105,3019.848400000009,0,0,2293.097900000001
116,619,c4.8xlarge, Linux/UNIX,97,407,5220.388599999998,2944.2392000000127,0,0,2276.1493999999852
117,491,z1d.metal, Red Hat Enterprise Linux,3,323,13621.814400000056,11372.665400000005,0,0,2249.1490000000504
118,789,m5.metal, SUSE Linux,10,407,11613.578799999968,9371.276500000044,0,0,2242.302299999923
119,919,c5n.18xlarge, SUSE Linux,16,407,12467.666199999961,10241.679400000041,0,0,2225.9867999999205
120,209,i3.4xlarge, Red Hat Enterprise Linux,19,327,6220.9245000000465,3995.363499999986,0,0,2225.56100000006
121,766,c5.metal, Red Hat Enterprise Linux,58,307,10612.867200000019,8400.772900000009,0,0,2212.094300000008
122,765,c5.metal, Linux/UNIX,58,307,9655.02719999998,7442.932899999994,0,0,2212.0942999999843
123,867,r5d.16xlarge, SUSE Linux,8,307,9188.112099999984,7031.3263999999535,0,0,2156.7857000000304
124,279,r4.8xlarge, Windows,1,406,19633.185599999862,17489.71679999998,0,0,2143.468799999886
125,866,m5a.16xlarge, SUSE Linux,8,307,8803.786499999953,6735.820800000004,0,0,2067.965699999949
126,871,r5d.12xlarge, SUSE Linux,14,407,9794.152000000004,7744.9946000000855,0,0,2049.1573999999173
127,386,r3.8xlarge, Windows,2,321,10454.32799999999,8414.51519999999,0,0,2039.8128
128,846,r5n.16xlarge, SUSE Linux,5,202,6095.3856000000205,4069.668400000009,0,0,2025.717200000011
129,691,m5ad.24xlarge, Red Hat Enterprise Linux,8,137,6282.4885999999915,4257.123100000002,1,0,2025.365499999989
130,487,c5.24xlarge, SUSE Linux,75,316,12091.004299999975,10104.6293,0,0,1986.3749999999766
131,75,m4.10xlarge, SUSE Linux,28,406,7970.476399999994,5989.527099999987,0,0,1980.9493000000086
132,896,m5dn.16xlarge, SUSE Linux,3,202,5861.779300000003,3898.222599999997,0,0,1963.5567000000049
133,462,m5d.12xlarge, SUSE Linux,20,406,9337.09120000001,7374.0161000000135,0,0,1963.0750999999973
134,412,c5.12xlarge, Windows,3,316,22409.12339999992,20446.291499999832,0,0,1962.8319000000886
135,506,r5.4xlarge, Linux/UNIX,39,407,3722.6399,1777.1561000000015,0,0,1945.4837999999984
136,428,c4.8xlarge, Windows,2,407,19472.507999999918,17529.679199999966,0,0,1942.8287999999561
137,123,c5n.9xlarge, Windows,4,407,21870.55200000018,19947.862499999967,0,0,1922.689500000215
138,632,c3.8xlarge, Windows,1,321,13851.792000000012,11939.356799999958,0,0,1912.4352000000547
139,684,r4.16xlarge, Linux/UNIX,26,130,4110.1093999999985,2200.3714000000004,1,0,1909.7379999999969
140,730,r5.16xlarge, SUSE Linux,3,307,8922.70370000002,7026.958799999952,0,0,1895.7449000000681
141,886,r5a.16xlarge, SUSE Linux,5,307,8925.25160000001,7032.6311999999525,0,0,1892.620400000057
142,830,m5n.16xlarge, Windows,3,202,19517.07839999997,17644.594499999934,0,0,1872.483900000036
143,840,m5n.16xlarge, Red Hat Enterprise Linux,3,202,5880.2990000000045,4012.965399999993,0,0,1867.3336000000106
144,838,m5n.16xlarge, Linux/UNIX,3,202,5250.059000000011,3382.7254000000103,0,0,1867.3336000000013
145,955,m5n.16xlarge, SUSE Linux,3,202,5835.3589999999795,3968.675399999997,0,0,1866.6835999999807
146,833,r5a.12xlarge, SUSE Linux,23,406,9597.820500000022,7734.916800000064,0,0,1862.9036999999569
147,888,r5dn.16xlarge, SUSE Linux,6,202,5919.793900000013,4064.1865000000093,0,0,1855.607400000005
148,397,c5.12xlarge, Linux/UNIX,67,316,5713.75039999996,3885.2451999999903,0,0,1828.5051999999696
149,42,m4.16xlarge, SUSE Linux,12,406,10582.451199999994,8756.41789999992,0,0,1826.0333000000735
150,329,i2.4xlarge, Windows,1,321,11586.815999999908,9793.701599999997,1,0,1793.114399999913
151,389,c5.12xlarge, Red Hat Enterprise Linux,67,316,6651.169900000024,4871.888599999994,0,0,1779.2813000000297
152,112,r5a.12xlarge, Red Hat Enterprise Linux,3,226,5215.883900000004,3480.1848000000173,1,0,1735.6990999999869
153,603,m5d.metal, SUSE Linux,44,407,11606.337599999963,9906.813700000035,0,0,1699.5238999999274
154,350,i2.4xlarge, Red Hat Enterprise Linux,7,323,10619.270300000031,8942.807999999952,0,0,1676.4623000000793
155,745,m5a.4xlarge, Linux/UNIX,32,407,3275.327700000001,1604.5768000000098,0,0,1670.7508999999914
156,174,d2.4xlarge, Red Hat Enterprise Linux,1,323,9100.84800000003,7431.600000000041,0,0,1669.2479999999914
157,847,m5a.12xlarge, SUSE Linux,13,406,9046.668100000014,7425.229000000052,0,0,1621.4390999999616
158,734,c5d.4xlarge, Linux/UNIX,42,407,3117.9829000000022,1519.0487999999966,0,0,1598.9341000000054
159,778,c5.9xlarge, SUSE Linux,59,406,7150.6149,5576.067500000005,0,0,1574.5473999999952
160,708,c5d.9xlarge, Red Hat Enterprise Linux,44,323,5353.531200000026,3805.1322,0,0,1548.3990000000256
161,825,r5n.12xlarge, SUSE Linux,2,202,4706.882700000002,3182.3374000000117,0,0,1524.545299999991
162,901,r5dn.12xlarge, SUSE Linux,4,202,4711.3609000000015,3195.519300000012,0,0,1515.8415999999895
163,51,r4.8xlarge, SUSE Linux,15,407,6702.1178999999975,5228.134699999993,0,0,1473.9832000000033
164,895,m5dn.12xlarge, SUSE Linux,2,202,4529.649199999995,3070.3765000000153,0,0,1459.2726999999813
165,217,i3.8xlarge, Red Hat Enterprise Linux,6,99,3608.677899999997,2156.3698000000013,1,0,1452.3080999999952
166,427,r5.4xlarge, SUSE Linux,16,407,4800.492100000003,3376.683599999999,0,0,1423.8085000000046
167,442,c5.4xlarge, Linux/UNIX,38,407,2953.299599999997,1545.7888000000007,0,0,1407.510799999996
168,392,m5d.4xlarge, Linux/UNIX,50,407,3246.447000000004,1840.792500000002,0,0,1405.6545000000015
169,78,m4.4xlarge, Linux/UNIX,79,400,3125.6998999999955,1742.2987000000005,1,0,1383.401199999995
170,811,m5ad.24xlarge, Windows,4,82,12566.509800000002,11191.497199999994,1,0,1375.0126000000055
171,621,r5a.4xlarge, Linux/UNIX,11,407,3036.3357999999994,1661.9714999999899,0,0,1374.3643000000095
172,430,c4.8xlarge, SUSE Linux,39,407,6197.188600000001,4829.280700000009,0,0,1367.907899999992
173,517,r5ad.24xlarge, Red Hat Enterprise Linux,2,91,3915.3613999999934,2583.033600000001,1,0,1332.3277999999925
174,526,r3.4xlarge, Red Hat Enterprise Linux,20,327,3576.333599999986,2261.455500000004,0,0,1314.8780999999815
175,457,c5.4xlarge, Red Hat Enterprise Linux,36,327,3581.0423999999934,2270.428800000001,0,0,1310.6135999999915
176,797,r4.4xlarge, Red Hat Enterprise Linux,19,327,3703.471200000009,2406.576999999999,0,0,1296.8942000000102
177,421,r3.8xlarge, SUSE Linux,46,407,6289.7463,5008.215200000004,0,0,1281.5310999999956
178,549,p3.2xlarge, Linux/UNIX,55,321,8575.984799999998,7323.614300000029,0,0,1252.370499999969
179,598,c4.4xlarge, Red Hat Enterprise Linux,79,327,3459.3984000000078,2217.5828999999976,0,0,1241.8155000000106
180,561,p3.2xlarge, SUSE Linux,50,321,9346.384800000002,8117.305399999952,0,0,1229.0794000000494
181,779,r5d.4xlarge, Linux/UNIX,30,356,2664.8209999999985,1469.5197999999955,1,0,1195.3012000000028
182,156,m5.4xlarge, Red Hat Enterprise Linux,50,327,3711.514699999999,2517.9743000000008,0,0,1193.540399999999
183,496,r5ad.24xlarge, Windows,7,80,12519.407699999987,11328.141600000004,1,0,1191.2660999999844
184,572,p2.8xlarge, Linux/UNIX,30,407,22256.229900000028,21098.88000000005,0,0,1157.3498999999827
185,880,r5d.8xlarge, SUSE Linux,5,307,5089.108899999989,3934.768000000007,0,0,1154.340899999982
186,594,p2.8xlarge, SUSE Linux,30,407,23233.02990000012,22078.901000000107,0,0,1154.1289000000145
187,887,m5a.4xlarge, SUSE Linux,18,407,4352.9277,3207.531600000012,0,0,1145.3960999999879
188,349,i2.2xlarge, Windows,1,407,7350.420000000062,6209.918400000026,0,0,1140.501600000036
189,528,c3.8xlarge, Red Hat Enterprise Linux,3,326,5648.928000000033,4519.464000000008,0,0,1129.4640000000245
190,758,r5d.4xlarge, Windows,3,407,9977.66500000003,8850.552600000032,0,0,1127.1123999999984
191,641,z1d.6xlarge, Red Hat Enterprise Linux,12,323,7314.787199999959,6187.861300000037,0,0,1126.925899999921
192,596,r5a.4xlarge, Windows,3,407,9973.128000000032,8847.902400000028,0,0,1125.2256000000034
193,406,r5.4xlarge, Windows,1,406,9944.990400000015,8822.144099999969,0,0,1122.8463000000484
194,238,i3.2xlarge, Red Hat Enterprise Linux,21,327,3620.5277000000133,2503.5820000000062,0,0,1116.9457000000077
195,393,c5.12xlarge, SUSE Linux,64,316,6423.6498999999685,5318.785600000012,0,0,1104.8642999999556
196,742,c5d.4xlarge, SUSE Linux,36,407,4094.7259000000013,2999.236599999997,0,0,1095.4893000000045
197,237,i3en.metal, Windows,2,59,11887.82959999999,10803.008399999992,1,0,1084.821199999997
198,604,c4.4xlarge, Linux/UNIX,99,407,2563.7943000000005,1483.3832000000016,0,0,1080.411099999999
199,134,m5.4xlarge, Windows,1,407,9847.120800000064,8772.520799999917,0,0,1074.6000000001475
200,396,m5d.4xlarge, Windows,1,406,9822.926400000064,8748.326399999918,0,0,1074.600000000146
201,732,m5a.4xlarge, Windows,2,407,9847.120800000064,8774.968799999917,0,0,1072.1520000001474
202,125,r4.4xlarge, Windows,1,407,9840.283200000056,8769.503999999915,0,0,1070.7792000001427
203,723,r5dn.8xlarge, Windows,2,202,9887.363500000029,8823.417099999986,0,0,1063.9464000000426
204,727,r5dn.8xlarge, Red Hat Enterprise Linux,2,202,3382.550700000013,2318.604299999997,0,0,1063.9464000000166
205,722,r5dn.8xlarge, Linux/UNIX,2,202,2752.310699999997,1688.3643000000034,0,0,1063.9463999999941
206,739,m5a.8xlarge, SUSE Linux,5,307,4847.975999999992,3787.614399999993,0,0,1060.361599999998
207,21,m4.4xlarge, SUSE Linux,47,407,4169.409899999998,3120.696700000005,0,0,1048.7131999999926
208,284,m2.4xlarge, Windows,1,407,4729.566600000046,3682.656,0,0,1046.9106000000456
209,1,m4.4xlarge, Windows,1,406,9696.25440000009,8673.235199999965,0,0,1023.019200000128
210,715,c5d.4xlarge, Windows,1,406,9696.25440000009,8673.235199999965,0,0,1023.019200000128
211,458,c5.4xlarge, Windows,2,407,9720.136800000091,8699.032799999964,0,0,1021.1040000001283
212,626,r3.4xlarge, Windows,2,320,6700.799999999958,5683.420800000021,0,0,1017.3791999999394
213,84,m4.4xlarge, Red Hat Enterprise Linux,63,327,3487.103999999983,2475.6586000000016,0,0,1011.4453999999814
214,842,r5n.8xlarge, SUSE Linux,3,202,3337.9334000000104,2329.474800000003,0,0,1008.4586000000077
215,823,r5dn.8xlarge, SUSE Linux,4,202,3337.960700000015,2332.9807000000033,0,0,1004.9800000000129
216,387,m5d.4xlarge, SUSE Linux,43,407,4223.247000000004,3220.2728000000093,0,0,1002.9741999999948
217,208,i3.4xlarge, Linux/UNIX,17,407,4641.300199999998,3658.483699999992,0,0,982.8165000000064
218,197,i3.4xlarge, SUSE Linux,14,407,5618.1002000000035,4635.283699999998,0,0,982.8165000000054
219,622,c4.4xlarge, Windows,2,407,9599.990399999979,8627.498399999928,0,0,972.4920000000528
220,150,m5.4xlarge, Linux/UNIX,66,407,2807.5672,1849.862400000001,0,0,957.7047999999992
221,520,c3.4xlarge, Windows,1,320,6904.320000000006,5948.102399999979,0,0,956.2176000000273
222,151,c5n.4xlarge, Red Hat Enterprise Linux,10,322,3076.223999999995,2125.2925000000027,0,0,950.9314999999924
223,110,c5n.4xlarge, Windows,2,407,9585.525299999992,8666.336699999987,0,0,919.1886000000051
224,536,r3.4xlarge, Linux/UNIX,14,249,1858.8201000000013,945.8303000000025,1,0,912.9897999999989
225,464,c5.4xlarge, SUSE Linux,38,407,3930.0995999999977,3023.1448000000005,0,0,906.9547999999972
226,100,r5.8xlarge, SUSE Linux,13,307,4851.1094,3949.399799999997,0,0,901.7096000000032
227,122,m5.16xlarge, SUSE Linux,1,221,6013.863000000013,5121.615000000006,0,0,892.2480000000069
228,534,m5dn.8xlarge, Windows,1,158,7742.389399999976,6873.64810000002,1,0,868.741299999956
229,483,r5d.24xlarge, Windows,1,44,6739.646300000002,5875.763999999999,1,0,863.8823000000029
230,478,r5d.2xlarge, Linux/UNIX,19,407,1745.3943999999995,893.4033999999987,0,0,851.9910000000011
231,168,d2.2xlarge, Red Hat Enterprise Linux,1,323,5054.304000000021,4219.680000000007,0,0,834.6240000000142
232,599,r5a.4xlarge, Red Hat Enterprise Linux,7,323,3139.929900000009,2311.7514000000065,0,0,828.1785000000023
233,665,r4.16xlarge, SUSE Linux,17,130,4422.1093999999985,3595.583399999994,1,0,826.5260000000052
234,205,i3en.metal, Linux/UNIX,2,55,5059.897400000002,4234.1550999999945,1,0,825.7423000000063
235,210,i3en.metal, Red Hat Enterprise Linux,2,55,5231.497399999997,4405.755100000005,1,0,825.7422999999918
236,884,r5a.4xlarge, SUSE Linux,14,407,4113.985799999996,3289.1937000000007,0,0,824.7920999999956
237,584,p2.xlarge, Red Hat Enterprise Linux,56,323,3407.192900000003,2591.7745000000086,0,0,815.4183999999947
238,194,m5.12xlarge, Linux/UNIX,3,80,1838.5894999999994,1032.763,1,0,805.8264999999994
239,664,r5d.metal, Windows,3,53,7354.8185,6558.443999999995,1,0,796.3745000000054
240,541,p3.16xlarge, SUSE Linux,19,407,73531.83700000052,72744.70500000048,0,0,787.132000000056
241,557,p3.16xlarge, Linux/UNIX,19,407,72555.03700000001,71767.9050000001,0,0,787.1319999999105
242,744,m5a.4xlarge, Red Hat Enterprise Linux,21,323,3048.0907000000075,2280.235399999993,0,0,767.8553000000142
243,231,i3en.metal, SUSE Linux,2,55,5191.897400000002,4425.1961,1,0,766.7013000000015
244,374,i2.2xlarge, Red Hat Enterprise Linux,1,323,5740.355999999984,4975.284000000005,0,0,765.0719999999792
245,774,r5d.4xlarge, Red Hat Enterprise Linux,33,323,3147.9650000000124,2385.3888999999954,0,0,762.5761000000166
246,537,m5dn.8xlarge, Red Hat Enterprise Linux,1,153,2486.182599999996,1730.0642000000025,1,0,756.1183999999935
247,738,c5d.4xlarge, Red Hat Enterprise Linux,40,323,2955.426400000005,2209.1742000000017,0,0,746.2522000000035
248,522,m5dn.8xlarge, Linux/UNIX,1,152,1987.6294000000034,1245.040999999997,1,0,742.5884000000066
249,111,m5.2xlarge, Linux/UNIX,67,406,1589.9843000000014,874.7296999999995,0,0,715.2546000000018
250,477,c5.2xlarge, Linux/UNIX,79,406,1487.2357999999995,774.903499999999,0,0,712.3323000000003
251,824,m5dn.8xlarge, SUSE Linux,4,152,2393.2793999999976,1685.406800000007,1,0,707.8725999999907
252,456,c5.2xlarge, Red Hat Enterprise Linux,79,327,2350.921200000002,1655.0362999999984,0,0,695.8849000000038
253,771,r5a.2xlarge, Linux/UNIX,19,376,1455.6321000000007,765.9865999999955,1,0,689.6455000000052
254,718,r4.2xlarge, Red Hat Enterprise Linux,24,327,2364.948600000001,1682.1778000000086,0,0,682.7707999999933
255,878,r5d.4xlarge, SUSE Linux,26,356,3558.8210000000013,2903.6069000000048,1,0,655.214099999996
256,106,m5.2xlarge, Red Hat Enterprise Linux,47,327,2367.545900000004,1730.7457000000006,0,0,636.8002000000038
257,513,r3.2xlarge, Red Hat Enterprise Linux,37,327,2297.8943999999983,1666.8360999999989,0,0,631.0582999999995
258,489,c1.xlarge, Windows,2,407,3611.773899999992,2986.5112000000245,0,0,625.2626999999675
259,90,m4.2xlarge, Red Hat Enterprise Linux,28,327,2295.9915,1678.8396000000007,0,0,617.1518999999996
260,609,c4.4xlarge, SUSE Linux,62,407,3540.594300000001,2925.478099999997,0,0,615.1162000000045
261,636,c4.2xlarge, Red Hat Enterprise Linux,129,327,2239.864800000003,1633.1395,0,0,606.725300000003
262,677,c5d.2xlarge, Linux/UNIX,22,407,1355.116299999998,755.7041999999974,0,0,599.4121000000006
263,876,r5d.2xlarge, SUSE Linux,6,407,2823.044399999997,2239.2379999999976,0,0,583.8063999999995
264,354,i2.xlarge, Windows,1,407,3680.9246000000103,3103.447200000013,0,0,577.4773999999978
265,579,r3.2xlarge, Linux/UNIX,51,407,1369.308300000001,798.1767000000001,0,0,571.131600000001
266,410,m5d.2xlarge, Linux/UNIX,43,407,1379.4677000000006,811.8857000000029,0,0,567.5819999999981
267,959,m5a.2xlarge, Linux/UNIX,28,407,1380.6853000000024,813.6327000000041,0,0,567.0525999999983
268,539,c3.4xlarge, Red Hat Enterprise Linux,5,327,3343.248000000015,2778.557900000017,0,0,564.6900999999984
269,445,r5d.2xlarge, Windows,4,406,4976.5805000000155,4413.900000000016,0,0,562.6804999999995
270,413,r5a.2xlarge, Windows,3,406,4974.312000000015,4411.699200000014,0,0,562.6128000000017
271,494,r5.2xlarge, Windows,1,406,4972.949700000014,4411.256999999984,0,0,561.6927000000296
272,251,i3.xlarge, Red Hat Enterprise Linux,7,327,1771.0528999999906,1212.2038000000086,0,0,558.8490999999822
273,660,r5d.xlarge, Linux/UNIX,27,407,968.3558000000012,417.53849999999727,0,0,550.8173000000038
274,155,m5.4xlarge, SUSE Linux,38,407,3784.367200000001,3235.082299999996,0,0,549.2849000000057
275,580,z1d.xlarge, Linux/UNIX,14,407,1647.096600000003,1100.1569000000036,0,0,546.9396999999993
276,937,z1d.xlarge, SUSE Linux,12,407,2674.2466000000004,2129.035900000008,0,0,545.2106999999924
277,860,m5n.12xlarge, SUSE Linux,1,93,1995.3901000000023,1453.623200000003,1,0,541.7668999999994
278,659,r4.4xlarge, Linux/UNIX,6,138,1116.6257000000003,578.7983999999999,1,0,537.8273000000004
279,564,r5.2xlarge, SUSE Linux,45,361,2499.5522000000005,1962.0066,1,0,537.5456000000006
280,740,m5a.2xlarge, Windows,1,407,4923.07199999997,4386.249599999958,0,0,536.8224000000118
281,411,m5d.2xlarge, Windows,1,407,4923.07199999997,4386.249599999958,0,0,536.8224000000118
282,147,m5.2xlarge, Windows,2,407,4923.07199999997,4387.087199999958,0,0,535.984800000012
283,646,r4.2xlarge, Windows,1,406,4908.052800000028,4372.185600000025,0,0,535.8672000000024
284,509,r5ad.24xlarge, Linux/UNIX,4,33,1401.1007999999995,869.3057999999994,1,0,531.7950000000003
285,640,c4.2xlarge, Linux/UNIX,155,407,1282.3607000000004,753.7138999999999,0,0,528.6468000000003
286,282,m2.2xlarge, Windows,1,406,2359.322000000023,1835.736,0,0,523.586000000023
287,115,t2.2xlarge, Red Hat Enterprise Linux,4,327,2421.892800000001,1900.9583999999913,0,0,520.9344000000096
288,589,p2.xlarge, SUSE Linux,39,268,2954.7091000000005,2436.8303000000087,1,0,517.8787999999913
289,690,m5ad.24xlarge, Linux/UNIX,3,33,1329.4503000000002,815.1034999999998,1,0,514.3468000000003
290,894,r5dn.4xlarge, SUSE Linux,4,202,1968.412400000005,1455.3712000000035,0,0,513.0412000000015
291,440,c5.2xlarge, Windows,1,406,4847.639999999991,4336.607999999982,0,0,511.03200000000925
292,80,m4.2xlarge, Windows,1,407,4859.579999999991,4348.5479999999825,0,0,511.03200000000834
293,737,c5d.2xlarge, Windows,3,407,4860.0572999999895,4349.380399999983,0,0,510.67690000000863
294,645,m5a.12xlarge, Red Hat Enterprise Linux,1,71,1593.2723000000015,1088.9568000000004,1,0,504.3155000000013
295,152,m5.2xlarge, SUSE Linux,34,406,2564.3842999999983,2066.209000000004,0,0,498.17529999999437
296,587,p2.xlarge, Linux/UNIX,37,259,2201.7131999999992,1706.2755000000031,1,0,495.4376999999963
297,498,c1.xlarge, SUSE Linux,19,407,2018.213700000002,1522.8352999999952,0,0,495.3784000000071
298,514,c1.xlarge, Linux/UNIX,19,407,1041.4136999999994,546.0352999999988,0,0,495.3784000000006
299,153,c5n.2xlarge, Red Hat Enterprise Linux,16,323,2102.075799999999,1609.7797999999964,0,0,492.29600000000295
300,613,c4.2xlarge, Windows,1,407,4799.995199999989,4312.843199999964,0,0,487.1520000000264
301,402,m5d.2xlarge, Red Hat Enterprise Linux,41,324,2137.2957,1656.8401000000008,0,0,480.4555999999985
302,532,c3.2xlarge, Windows,1,320,3452.160000000003,2973.6767999999847,0,0,478.4832000000178
303,451,c5.2xlarge, SUSE Linux,49,406,2461.6358,1988.4345999999985,0,0,473.20120000000117
304,281,t3.2xlarge, Red Hat Enterprise Linux,5,327,2284.051799999991,1811.222400000012,0,0,472.8293999999794
305,96,m4.2xlarge, SUSE Linux,20,407,2466.943200000002,2001.9206999999967,0,0,465.02250000000527
306,753,r5a.2xlarge, Red Hat Enterprise Linux,17,295,1985.7452999999987,1521.5340000000058,1,0,464.2112999999929
307,1030,m5n.4xlarge, SUSE Linux,5,202,1871.217800000003,1413.6550999999974,0,0,457.56270000000563
308,148,c5n.2xlarge, Windows,4,406,4847.639999999991,4406.394599999982,0,0,441.24540000000883
309,132,m5.8xlarge, SUSE Linux,7,221,3271.970499999999,2831.791200000004,0,0,440.17929999999484
310,716,m5a.2xlarge, Red Hat Enterprise Linux,20,323,2092.299199999995,1656.851300000002,0,0,435.44789999999284
311,54,m4.2xlarge, Linux/UNIX,48,324,1093.1863000000003,662.3199,1,0,430.8664000000005
312,576,r5.2xlarge, Red Hat Enterprise Linux,65,324,2161.9037000000008,1733.0181999999984,0,0,428.8855000000021
313,353,i2.xlarge, Red Hat Enterprise Linux,4,324,2886.7406000000105,2459.161299999995,0,0,427.5793000000158
314,332,i2.8xlarge, Linux/UNIX,5,251,12750.053399999968,12325.103999999961,1,0,424.9494000000068
315,341,i2.8xlarge, SUSE Linux,5,251,13352.453400000051,12927.504000000063,1,0,424.94939999999036
316,529,r3.4xlarge, SUSE Linux,27,254,2518.637099999999,2099.745799999995,1,0,418.891300000004
317,39,d2.xlarge, Red Hat Enterprise Linux,1,324,2496.096000000001,2078.783999999986,0,0,417.3120000000149
318,902,r5d.xlarge, SUSE Linux,24,407,1995.5308000000007,1580.2481000000018,0,0,415.2826999999986
319,877,r5a.2xlarge, SUSE Linux,24,376,2422.7320999999993,2010.6479999999995,1,0,412.0841
320,696,m5.xlarge, Red Hat Enterprise Linux,74,327,1207.3533000000004,807.0734999999997,0,0,400.2798000000007
321,488,r3.2xlarge, Windows,5,321,3873.488499999977,3474.2720999999797,0,0,399.21639999999746
322,748,r5a.12xlarge, Windows,1,43,3303.2626000000005,2904.8413999999993,1,0,398.42120000000114
323,695,r5d.metal, Linux/UNIX,5,46,1289.039,901.4330999999997,1,0,387.60590000000036
324,799,m5.xlarge, Linux/UNIX,79,407,799.3772999999999,412.7496,0,0,386.62769999999983
325,670,c5d.2xlarge, Red Hat Enterprise Linux,19,323,1980.137800000004,1603.7161999999923,0,0,376.42160000001167
326,538,r5.2xlarge, Linux/UNIX,52,190,790.3152000000003,414.5644999999994,1,0,375.75070000000085
327,809,c5.xlarge, Linux/UNIX,46,407,762.7361000000003,392.37699999999876,0,0,370.3591000000016
328,224,i3.2xlarge, Linux/UNIX,30,407,2197.6811,1830.056599999996,0,0,367.624500000004
329,235,i3.2xlarge, SUSE Linux,22,407,3174.481100000003,2806.8566000000187,0,0,367.6244999999845
330,805,c5.xlarge, Red Hat Enterprise Linux,35,327,1152.4522,787.0768999999991,0,0,365.37530000000083
331,593,p2.8xlarge, Red Hat Enterprise Linux,18,237,13377.669099999937,13025.51999999993,1,0,352.14910000000776
332,984,m5dn.24xlarge, Windows,1,164,21503.4313,21152.2195,1,0,351.2118000000009
333,501,r3.2xlarge, SUSE Linux,32,407,2346.108299999998,1998.4445,0,0,347.663799999998
334,193,c5n.xlarge, Red Hat Enterprise Linux,6,323,1109.9104999999997,763.163299999997,0,0,346.74720000000275
335,673,c5d.2xlarge, SUSE Linux,37,407,2331.8587000000016,1985.8705999999884,0,0,345.9881000000132
336,759,m5ad.xlarge, Red Hat Enterprise Linux,11,323,1127.9430000000002,782.9853000000015,0,0,344.9576999999987
337,865,m5n.8xlarge, Windows,2,77,3789.614899999997,3448.781599999997,1,0,340.83329999999887
338,530,c3.8xlarge, SUSE Linux,1,321,4555.974300000009,4216.060799999981,0,0,339.9135000000278
339,521,c3.8xlarge, Linux/UNIX,1,321,3785.57430000001,3445.660800000022,0,0,339.91349999998835
340,181,m5.12xlarge, SUSE Linux,5,80,2030.589500000001,1696.7244000000005,1,0,333.8651000000002
341,807,r3.xlarge, Red Hat Enterprise Linux,23,327,1109.9125000000008,777.9710000000048,0,0,331.9414999999961
342,548,r5a.xlarge, Linux/UNIX,27,407,743.5953,415.7401999999978,0,0,327.85510000000215
343,694,r3.xlarge, Windows,4,321,2101.442700000011,1785.1176000000085,0,0,316.3251000000025
344,1023,g3s.xlarge, Red Hat Enterprise Linux,17,323,2537.1074000000062,2222.6830999999947,0,0,314.42430000001104
345,614,c4.2xlarge, SUSE Linux,57,407,2259.160699999996,1946.5639,0,0,312.5967999999957
346,222,r4.xlarge, Red Hat Enterprise Linux,10,327,1146.0945999999967,834.5573999999992,0,0,311.53719999999737
347,434,c4.xlarge, Red Hat Enterprise Linux,28,327,1080.6696000000022,769.5856999999993,0,0,311.08390000000287
348,404,m5d.2xlarge, SUSE Linux,42,407,2356.267699999997,2045.4328000000016,0,0,310.8348999999953
349,486,m5d.24xlarge, Red Hat Enterprise Linux,2,24,1020.3561999999997,710.7600000000003,1,0,309.5961999999992
350,91,t3a.2xlarge, Red Hat Enterprise Linux,2,323,1886.0615999999848,1581.323399999992,0,0,304.73819999999273
351,234,r5.xlarge, Linux/UNIX,107,407,728.7087000000006,424.611299999999,0,0,304.09740000000164
352,885,m5a.2xlarge, SUSE Linux,33,407,2458.135300000001,2155.226800000004,0,0,302.90849999999637
353,436,c4.xlarge, Linux/UNIX,29,407,671.4395000000022,368.57239999999916,0,0,302.8671000000032
354,327,m3.2xlarge, Windows,5,321,4157.417900000008,3856.361300000019,0,0,301.0565999999885
355,170,m4.xlarge, Red Hat Enterprise Linux,43,327,1087.7523000000012,788.4427999999975,0,0,299.30950000000365
356,316,m3.2xlarge, Red Hat Enterprise Linux,14,327,2239.8192000000026,1947.1206000000054,0,0,292.6985999999968
357,447,r5d.2xlarge, Red Hat Enterprise Linux,15,232,1514.9365000000025,1223.9336999999991,1,0,291.00280000000333
358,804,c5d.xlarge, Linux/UNIX,15,406,665.6879000000015,378.9554999999978,0,0,286.7324000000036
359,831,r5a.8xlarge, SUSE Linux,3,176,2752.9082999999987,2469.5163999999995,1,0,283.3918999999987
360,655,m5a.xlarge, Linux/UNIX,183,407,700.6584000000003,417.7218000000002,0,0,282.9366
361,6,r5.xlarge, Windows,3,406,2486.281199999977,2204.9747999999913,0,0,281.30639999998584
362,653,r5d.xlarge, Windows,4,406,2488.5506000000087,2207.266200000001,0,0,281.2844000000077
363,555,r5a.xlarge, Windows,6,407,2493.7703999999785,2212.6272000000067,0,0,281.1431999999718
364,263,i3.large, Red Hat Enterprise Linux,3,327,1120.9082999999955,842.1336000000058,0,0,278.7746999999897
365,502,c3.2xlarge, Red Hat Enterprise Linux,15,327,2181.744000000007,1903.428799999988,0,0,278.31520000001893
366,762,r3.xlarge, Linux/UNIX,20,407,651.0882999999994,376.1345999999988,0,0,274.9537000000008
367,27,g2.2xlarge, Windows,3,321,2403.6480000000033,2131.9583999999923,0,0,271.68960000001147
368,709,m5a.24xlarge, Red Hat Enterprise Linux,1,23,971.7546999999997,703.2480000000003,1,0,268.50669999999917
369,657,m5a.xlarge, Windows,3,407,2461.535999999985,2193.124799999979,0,0,268.4112000000059
370,276,r4.xlarge, Windows,1,406,2454.5135999999843,2186.102400000013,0,0,268.4111999999714
371,627,m5d.xlarge, Windows,2,407,2461.535999999985,2193.6239999999793,0,0,267.91200000000566
372,663,m5.xlarge, Windows,2,406,2455.487999999985,2187.57599999998,0,0,267.91200000000566
373,610,r5ad.xlarge, Red Hat Enterprise Linux,11,323,1117.3141000000012,850.8488000000059,0,0,266.4652999999952
374,289,m2.xlarge, Windows,3,406,1179.6044000000113,917.6519999999942,0,0,261.952400000017
375,693,m5.xlarge, SUSE Linux,56,407,1776.1772999999996,1515.700599999999,0,0,260.47670000000085
376,305,t2.xlarge, Red Hat Enterprise Linux,9,327,1171.7064000000048,911.5847999999955,0,0,260.12160000000915
377,1007,r5n.2xlarge, SUSE Linux,12,202,1277.0002000000009,1020.4708000000012,0,0,256.52939999999967
378,188,c5n.xlarge, Windows,1,406,2424.307199999986,2168.3135999999913,0,0,255.9935999999948
379,139,c5d.xlarge, Windows,1,406,2424.307199999986,2168.3135999999913,0,0,255.9935999999948
380,175,m4.xlarge, Windows,1,406,2424.307199999986,2168.3135999999913,0,0,255.9935999999948
381,803,c5.xlarge, Windows,2,406,2424.307199999986,2168.788799999991,0,0,255.5183999999949
382,792,c5.xlarge, SUSE Linux,25,407,1739.5360999999994,1485.8132999999964,0,0,253.72280000000322
383,182,c5n.xlarge, Linux/UNIX,9,344,567.8079000000001,320.3346999999997,1,0,247.47320000000042
384,916,z1d.large, SUSE Linux,21,407,1713.125,1465.9136000000015,0,0,247.21139999999852
385,82,g3.4xlarge, Linux/UNIX,25,406,3594.3221000000103,3348.7606000000205,0,0,245.5614999999893
386,395,c4.xlarge, Windows,1,407,2399.997599999995,2156.421599999982,0,0,243.5760000000132
387,142,r4.4xlarge, SUSE Linux,2,139,1462.9816000000005,1221.4236999999991,1,0,241.55790000000115
388,630,z1d.large, Linux/UNIX,18,407,810.2140000000021,569.2448000000019,0,0,240.96920000000026
389,644,c3.xlarge, Windows,2,320,1726.4639999999947,1487.6063999999924,0,0,238.8576000000021
390,567,a1.metal, SUSE Linux,1,202,1232.858000000002,996.5540000000044,0,0,236.30399999999767
391,337,r4.xlarge, SUSE Linux,22,364,1596.2605999999994,1362.5926999999956,1,0,233.667900000004
392,712,r4.2xlarge, Linux/UNIX,12,148,536.7410000000001,303.4351000000003,1,0,233.30589999999972
393,892,m5dn.4xlarge, SUSE Linux,3,104,934.9706999999984,702.2793,1,0,232.69139999999825
394,843,m5n.2xlarge, SUSE Linux,9,202,1238.803799999998,1007.0844000000037,0,0,231.71939999999438
395,173,m4.xlarge, Linux/UNIX,43,331,536.6013000000005,308.0162999999999,1,0,228.5850000000006
396,230,r5.xlarge, Red Hat Enterprise Linux,103,324,1031.4928999999986,805.4934999999997,0,0,225.999399999999
397,531,r5.4xlarge, Red Hat Enterprise Linux,5,71,737.9401999999999,514.5752999999999,1,0,223.36490000000003
398,423,z1d.2xlarge, Red Hat Enterprise Linux,3,180,1745.1042999999952,1522.6711999999975,1,0,222.43309999999767
399,859,r5ad.16xlarge, Windows,3,125,12172.135199999982,11949.878300000017,0,0,222.25689999996942
400,863,r5ad.16xlarge, Red Hat Enterprise Linux,4,125,3730.1034999999906,3508.2756999999865,0,0,221.8278000000041
401,852,r5ad.16xlarge, Linux/UNIX,4,125,3340.103499999993,3118.2756999999965,0,0,221.82779999999596
402,164,m4.xlarge, SUSE Linux,28,407,1698.4717000000005,1488.2311999999908,0,0,210.24050000000943
403,651,r5d.xlarge, Red Hat Enterprise Linux,26,323,1004.218199999998,794.6812999999962,0,0,209.53690000000165
404,563,a1.2xlarge, Linux/UNIX,1,321,517.1188000000038,309.52080000000234,0,0,207.59800000000146
405,731,m5a.16xlarge, Windows,1,215,18688.49959999993,18483.909699999927,1,0,204.58989999999903
406,940,c5n.xlarge, SUSE Linux,16,407,1736.700800000001,1536.5726999999977,0,0,200.1281000000033
407,540,z1d.large, Windows,11,407,1667.728699999993,1468.0030999999922,0,0,199.7256000000011
408,254,r4.xlarge, Linux/UNIX,8,261,451.6312,255.87579999999954,1,0,195.75540000000046
409,642,m5d.xlarge, SUSE Linux,22,407,1699.6188999999902,1504.2546000000034,0,0,195.36429999998654
410,143,m5.large, Linux/UNIX,44,401,389.8020000000001,196.4252999999992,1,0,193.37670000000097
411,597,m5d.metal, Red Hat Enterprise Linux,2,22,654.3275000000002,462.16389999999984,1,0,192.16360000000032
412,634,m5d.xlarge, Red Hat Enterprise Linux,26,323,972.1007999999949,779.978500000002,0,0,192.12229999999303
413,146,m5.large, Red Hat Enterprise Linux,47,327,824.7456999999986,632.8686000000008,0,0,191.87709999999785
414,844,r5a.xlarge, SUSE Linux,20,407,1770.7953000000016,1579.381200000002,0,0,191.41409999999928
415,578,z1d.xlarge, Red Hat Enterprise Linux,7,324,1523.1252000000052,1332.9086,0,0,190.2166000000052
416,438,c4.xlarge, SUSE Linux,20,407,1648.239499999996,1460.7464000000055,0,0,187.4930999999906
417,992,g3s.xlarge, SUSE Linux,19,202,1812.6088999999995,1625.9110000000023,1,0,186.69789999999668
418,1022,g3s.xlarge, Linux/UNIX,15,189,1217.1657999999993,1031.1212999999973,1,0,186.044500000002
419,562,p3.8xlarge, Linux/UNIX,18,407,36068.92560000003,35883.10710000005,0,0,185.8184999999794
420,793,x1.16xlarge, SUSE Linux,13,406,20654.99270000008,20469.220800000057,0,0,185.7719000000179
421,681,x1.16xlarge, Linux/UNIX,13,406,19680.592699999994,19494.820800000005,0,0,185.77189999998882
422,269,i3.metal, Windows,1,52,5728.156599999993,5543.1167999999925,1,0,185.0397999999996
423,754,c5d.xlarge, Red Hat Enterprise Linux,6,323,949.1190000000024,765.5838999999967,0,0,183.5351000000057
424,388,m5d.4xlarge, Red Hat Enterprise Linux,7,119,1130.275400000002,948.1741,1,0,182.10130000000197
425,724,r4.2xlarge, SUSE Linux,3,204,1314.5389,1133.1432000000004,1,0,181.39569999999958
426,369,h1.16xlarge, SUSE Linux,10,320,10598.857399999964,10419.987699999943,0,0,178.86970000002108
427,370,h1.16xlarge, Red Hat Enterprise Linux,10,236,7906.057400000003,7727.187699999993,0,0,178.8697000000111
428,372,h1.16xlarge, Linux/UNIX,10,320,9830.857400000006,9651.987700000009,0,0,178.8696999999975
429,543,p3.8xlarge, SUSE Linux,15,407,37045.753799999686,36867.73399999968,0,0,178.01980000000182
430,200,r4.large, Red Hat Enterprise Linux,9,327,810.0502999999973,632.3818999999991,0,0,177.66839999999831
431,319,m3.2xlarge, SUSE Linux,19,321,1857.3799000000008,1679.8097000000025,0,0,177.57019999999875
432,81,g3.4xlarge, Red Hat Enterprise Linux,38,323,3839.669399999997,3663.1816999999933,0,0,176.48770000000374
433,787,c5.large, Linux/UNIX,48,407,368.8926000000008,192.71860000000012,0,0,176.17400000000066
434,615,z1d.6xlarge, Linux/UNIX,23,407,6699.689699999986,6526.558899999951,0,0,173.13080000003535
435,853,r5ad.16xlarge, SUSE Linux,3,125,3640.1035,3467.0957000000044,0,0,173.00779999999577
436,997,m5dn.2xlarge, SUSE Linux,5,143,855.4611000000003,684.5527000000008,1,0,170.9083999999997
437,706,m5ad.16xlarge, Red Hat Enterprise Linux,3,211,5757.261600000021,5588.184500000002,0,0,169.07710000001768
438,704,m5ad.16xlarge, Linux/UNIX,3,211,5098.941599999998,4929.864500000003,0,0,169.07709999999497
439,343,r5.xlarge, SUSE Linux,74,407,1755.8587000000025,1587.3486000000034,0,0,168.51009999999883
440,801,m5ad.4xlarge, Red Hat Enterprise Linux,2,36,451.844,283.5029,1,0,168.34109999999995
441,5,m4.large, Linux/UNIX,16,407,359.3413999999996,191.4724000000004,0,0,167.86899999999926
442,699,m5ad.16xlarge, Windows,8,211,20007.35759999993,19839.582500000048,0,0,167.7750999998825
443,757,c5d.xlarge, SUSE Linux,5,406,1640.0878999999998,1472.969199999985,0,0,167.11870000001474
444,471,r3.large, Red Hat Enterprise Linux,37,327,790.2935999999984,624.1591000000002,0,0,166.1344999999981
445,770,m5ad.large, Red Hat Enterprise Linux,9,324,799.455799999997,633.8701999999985,0,0,165.5855999999984
446,566,a1.4xlarge, Linux/UNIX,1,125,411.8854000000005,247.05599999999973,1,0,164.82940000000067
447,667,m5a.large, Linux/UNIX,7,407,363.1021000000002,198.9387999999987,0,0,164.1633000000014
448,248,r4.large, SUSE Linux,9,407,1403.4768999999985,1239.8341000000048,0,0,163.64279999999368
449,760,c5.large, Red Hat Enterprise Linux,40,327,791.0784000000039,627.6474999999995,0,0,163.43090000000427
450,460,r3.large, Windows,2,321,1054.9568000000058,892.468800000002,0,0,162.48800000000404
451,72,m3.xlarge, Windows,6,320,2082.957500000004,1923.8018000000006,0,0,159.15570000000318
452,939,z1d.6xlarge, SUSE Linux,22,407,7777.189700000007,7618.102800000028,0,0,159.0868999999793
453,218,i3.16xlarge, SUSE Linux,32,407,15763.69019999993,15605.356799999863,0,0,158.333400000065
454,229,i3.16xlarge, Linux/UNIX,32,407,14786.890199999973,14628.556799999966,0,0,158.33340000000862
455,314,m3.xlarge, Red Hat Enterprise Linux,3,327,1090.3203999999994,932.7408000000037,0,0,157.5795999999958
456,607,z1d.3xlarge, Red Hat Enterprise Linux,8,323,3753.1762000000144,3596.6820000000153,0,0,156.49419999999918
457,904,m5a.xlarge, SUSE Linux,86,407,1727.9334000000006,1571.4720999999965,0,0,156.46130000000426
458,15,m4.large, Red Hat Enterprise Linux,16,327,782.0219999999997,625.8505999999999,0,0,156.17139999999972
459,516,c1.medium, Windows,1,406,906.191999999998,751.8384000000061,0,0,154.35359999999184
460,328,g4dn.2xlarge, SUSE Linux,7,137,1224.4785,1070.572799999998,1,0,153.9057000000021
461,420,c4.large, Red Hat Enterprise Linux,7,327,775.382400000003,621.7086999999995,0,0,153.67370000000358
462,64,t3.xlarge, Red Hat Enterprise Linux,8,200,684.2104000000012,530.980000000002,1,0,153.23039999999938
463,560,a1.2xlarge, Red Hat Enterprise Linux,1,236,1116.5548000000024,963.4704000000028,0,0,153.08439999999942
464,1000,r5n.16xlarge, Windows,1,11,1220.9987,1069.1056999999996,1,0,151.89300000000048
465,668,t3a.xlarge, Red Hat Enterprise Linux,3,324,906.6816000000027,754.8934999999989,0,0,151.78810000000385
466,1027,r5dn.2xlarge, SUSE Linux,4,117,694.1402000000007,544.9512000000007,1,0,149.1890000000001
467,1004,r5n.4xlarge, SUSE Linux,3,73,673.8567000000004,525.4293000000001,1,0,148.42740000000026
468,794,r5d.large, Linux/UNIX,17,407,354.0513999999995,207.7156999999988,0,0,146.33570000000066
469,817,r3.xlarge, SUSE Linux,27,407,1627.8882999999985,1483.1841000000024,0,0,144.7041999999958
470,301,m1.xlarge, Windows,17,406,2472.8584999999803,2330.3966999999952,0,0,142.46179999998552
471,924,g4dn.xlarge, SUSE Linux,23,190,1350.0208999999998,1208.126399999998,1,0,141.89450000000167
472,629,c3.xlarge, Red Hat Enterprise Linux,3,327,1051.6320000000012,910.7619999999927,0,0,140.87000000000853
473,60,r5.large, Windows,2,407,1246.396800000008,1106.2008000000037,0,0,140.19600000000443
474,795,r5d.large, Windows,2,407,1246.396800000008,1106.2008000000037,0,0,140.19600000000443
475,550,r5a.large, Windows,2,407,1246.396800000008,1106.3040000000037,0,0,140.09280000000444
476,57,r5.large, Linux/UNIX,74,395,344.35879999999963,204.31179999999947,1,0,140.04700000000014
477,124,c5n.large, Linux/UNIX,15,407,328.11360000000013,188.9917999999992,0,0,139.12180000000086
478,497,c1.xlarge, Red Hat Enterprise Linux,18,327,1583.7264000000064,1446.5884999999985,0,0,137.1379000000079
479,515,z1d.metal, Windows,1,23,2094.8165000000013,1958.0544000000016,1,0,136.7620999999997
480,56,t3a.2xlarge, Linux/UNIX,1,370,809.0892000000035,674.7546000000052,0,0,134.33459999999832
481,418,m5d.large, Linux/UNIX,2,407,332.74259999999964,198.63359999999886,0,0,134.1090000000008
482,247,r4.large, Windows,1,407,1229.7912000000067,1096.0632000000064,0,0,133.7280000000003
483,140,m5.large, Windows,1,406,1227.7439999999924,1094.015999999999,0,0,133.7279999999937
484,676,m5a.large, Windows,1,407,1230.7679999999925,1097.0399999999988,0,0,133.72799999999347
485,608,m5d.large, Windows,2,407,1230.7679999999925,1097.275199999999,0,0,133.49279999999362
486,145,m5.large, SUSE Linux,33,407,1373.6690999999996,1241.812200000002,0,0,131.85689999999795
487,814,m5ad.4xlarge, Windows,3,41,1046.8698999999997,915.1421,1,0,131.72779999999955
488,169,t2.large, Red Hat Enterprise Linux,5,327,820.900800000001,690.8400000000007,0,0,130.06080000000043
489,927,t3a.2xlarge, SUSE Linux,6,370,1797.589200000003,1667.9293999999989,0,0,129.65980000000422
490,523,c3.4xlarge, SUSE Linux,1,320,2614.655899999995,2485.190399999992,0,0,129.46550000000343
491,533,c3.4xlarge, Linux/UNIX,1,320,1846.6559000000034,1717.1904000000106,0,0,129.46549999999252
492,796,m5ad.2xlarge, Linux/UNIX,9,147,483.091900000001,354.4626000000012,1,0,128.62929999999986
493,29,m4.large, Windows,1,406,1212.153599999993,1084.1567999999957,0,0,127.9967999999974
494,750,c5.large, Windows,1,406,1212.153599999993,1084.1567999999957,0,0,127.9967999999974
495,656,c5d.large, Windows,1,407,1215.139199999993,1087.1423999999956,0,0,127.9967999999974
496,686,c5d.large, Linux/UNIX,31,407,316.73980000000216,188.7623999999997,0,0,127.97740000000246
497,121,c5n.large, Windows,2,407,1215.139199999993,1087.4591999999955,0,0,127.67999999999756
498,834,r5n.xlarge, SUSE Linux,3,202,879.6728000000011,752.6606000000005,0,0,127.01220000000046
499,79,t3a.2xlarge, Windows,2,370,2108.1119999999914,1981.8572999999924,0,0,126.25469999999905
500,408,x1e.8xlarge, Windows,1,20,1793.2659,1667.3280000000007,1,0,125.93789999999922
501,270,i3.xlarge, Linux/UNIX,8,407,1039.3508999999997,914.3678999999977,0,0,124.98300000000187
502,1026,inf1.24xlarge, SUSE Linux,7,119,6941.169299999998,6817.374000000006,1,0,123.79529999999069
503,556,r5a.large, Linux/UNIX,8,344,299.8070999999996,176.0515999999989,1,0,123.75550000000072
504,207,r4.large, Linux/UNIX,2,321,279.9240000000001,156.34769999999926,1,0,123.57630000000086
505,625,c3.large, Windows,2,320,863.2319999999974,739.7592000000022,0,0,123.47279999999512
506,1011,m5dn.xlarge, SUSE Linux,5,202,866.084799999999,743.1627999999984,0,0,122.9220000000006
507,851,m5n.xlarge, SUSE Linux,4,202,864.4202000000015,742.5491999999971,0,0,121.8710000000044
508,204,t3.large, Red Hat Enterprise Linux,24,326,788.1290999999991,666.6094999999988,0,0,121.51960000000042
509,439,c4.large, Windows,2,406,1196.5631999999964,1075.4807999999914,0,0,121.08240000000545
510,569,r5ad.12xlarge, Windows,5,9,846.7328999999997,726.6881,1,0,120.0447999999998
511,275,m2.4xlarge, Red Hat Enterprise Linux,4,153,959.9402999999973,840.6887999999982,1,0,119.25149999999915
512,761,c5.large, SUSE Linux,32,407,1345.6925999999985,1230.6754999999978,0,0,115.01710000000048
513,94,g3.4xlarge, SUSE Linux,34,406,4568.722100000024,4454.675000000036,0,0,114.04709999998795
514,925,c5n.4xlarge, SUSE Linux,4,33,399.9891,286.9189000000001,1,0,113.07019999999984
515,763,m5ad.xlarge, Linux/UNIX,6,166,273.4356000000005,160.9635000000004,1,0,112.47210000000008
516,776,m5d.12xlarge, Red Hat Enterprise Linux,2,18,416.6916,305.1432,1,0,111.54840000000002
517,582,a1.xlarge, Linux/UNIX,1,321,265.01259999999945,154.7712000000012,0,0,110.24139999999828
518,249,i3.xlarge, SUSE Linux,25,407,2016.1509,1907.3115000000141,0,0,108.83939999998573
519,637,m5d.xlarge, Linux/UNIX,8,121,230.03579999999997,122.71389999999992,1,0,107.3219
520,116,c5n.large, Red Hat Enterprise Linux,12,323,721.3063999999988,614.7383999999986,0,0,106.5680000000001
521,35,m4.large, SUSE Linux,15,407,1336.1414000000007,1229.7339999999988,0,0,106.40740000000187
522,900,m5a.large, SUSE Linux,20,407,1265.6800999999996,1160.587899999998,0,0,105.09220000000164
523,941,c5d.12xlarge, SUSE Linux,31,175,2532.607299999995,2427.559699999993,0,0,105.0476000000017
524,950,c5d.12xlarge, Linux/UNIX,31,175,2112.6073000000033,2007.5597000000034,0,0,105.04759999999986
525,949,c5d.12xlarge, Red Hat Enterprise Linux,31,175,2658.607299999999,2553.5597000000007,0,0,105.04759999999851
526,806,r5d.large, Red Hat Enterprise Linux,16,324,733.2767999999971,631.3060999999982,0,0,101.97069999999884
527,545,r5a.large, Red Hat Enterprise Linux,13,323,731.0330999999971,630.0629999999986,0,0,100.97009999999851
528,47,r5.large, Red Hat Enterprise Linux,73,324,733.2767999999971,632.8320999999993,0,0,100.44469999999785
529,365,h1.4xlarge, Linux/UNIX,14,321,2521.056399999999,2421.112600000002,0,0,99.94379999999686
530,373,h1.4xlarge, SUSE Linux,14,321,3291.4564,3191.512600000007,0,0,99.9437999999932
531,669,m5a.large, Red Hat Enterprise Linux,8,324,723.2930999999999,623.6587999999989,0,0,99.63430000000095
532,400,r3.large, Linux/UNIX,24,321,248.83920000000168,149.45619999999994,0,0,99.38300000000177
533,425,c4.large, SUSE Linux,6,406,1314.3052000000052,1216.6226000000015,0,0,97.6826000000035
534,429,m5d.large, Red Hat Enterprise Linux,2,323,718.6103999999974,621.909599999999,0,0,96.70079999999837
535,828,r5dn.xlarge, SUSE Linux,3,146,622.2245999999998,528.3397000000008,1,0,93.88489999999877
536,821,r5a.large, SUSE Linux,14,407,1265.4455000000028,1173.1930000000011,0,0,92.25250000000165
537,707,c5d.large, Red Hat Enterprise Linux,32,323,706.207200000003,614.301600000001,0,0,91.90560000000198
538,295,m1.xlarge, Red Hat Enterprise Linux,2,327,837.3815999999938,746.9639999999943,0,0,90.41759999999942
539,905,r5.large, SUSE Linux,60,407,1264.7561000000044,1174.844500000002,0,0,89.9116000000022
540,551,a1.4xlarge, Red Hat Enterprise Linux,1,50,348.2057,258.5520000000001,1,0,89.6536999999999
541,415,c4.large, Linux/UNIX,4,259,202.32899999999972,115.27329999999941,1,0,87.05570000000034
542,720,r5a.16xlarge, Windows,3,307,26703.09839999982,26617.433799999828,0,0,85.6645999999928
543,813,m5ad.8xlarge, Linux/UNIX,6,211,2549.2175999999968,2463.753200000002,0,0,85.46439999999437
544,816,m5ad.8xlarge, Red Hat Enterprise Linux,6,211,3207.5375999999956,3122.073200000012,0,0,85.46439999998438
545,323,m3.2xlarge, Linux/UNIX,12,180,594.2732999999995,509.61069999999944,1,0,84.6626
546,790,m5ad.4xlarge, Linux/UNIX,2,34,226.52559999999986,142.127,1,0,84.3985999999998
547,868,r5d.large, SUSE Linux,17,407,1256.1854000000042,1171.833700000001,0,0,84.35170000000313
548,772,m5ad.8xlarge, Windows,6,211,10003.425600000026,9919.430900000014,0,0,83.99470000001202
549,944,r5ad.8xlarge, Linux/UNIX,4,211,2671.8186,2588.745900000002,0,0,83.07269999999791
550,942,r5ad.8xlarge, Red Hat Enterprise Linux,4,211,3330.1385999999848,3247.065900000011,0,0,83.07269999997334
551,312,m3.large, Windows,5,321,1048.4088000000004,965.4603000000003,0,0,82.94849999999963
552,577,a1.xlarge, Red Hat Enterprise Linux,3,236,536.3085999999995,453.4080000000008,0,0,82.90059999999875
553,492,c3.2xlarge, Linux/UNIX,16,320,944.5809999999992,862.5878999999999,0,0,81.99309999999946
554,504,c3.2xlarge, SUSE Linux,16,320,1712.5810000000033,1630.5879000000054,0,0,81.99309999999764
555,957,r5ad.8xlarge, Windows,6,211,10126.467199999996,10045.39339999999,0,0,81.07380000000741
556,338,inf1.2xlarge, SUSE Linux,2,148,1078.0199999999998,998.0199999999983,0,0,80.00000000000159
557,493,r5ad.2xlarge, Windows,5,45,580.0695000000004,501.3716999999999,1,0,78.69780000000054
558,906,c5n.large, SUSE Linux,22,407,1230.3216000000011,1151.7641000000015,0,0,78.55749999999966
559,879,m5ad.8xlarge, SUSE Linux,4,125,1876.3326999999995,1798.3734000000024,0,0,77.9592999999968
560,382,m1.large, Windows,6,407,1241.8095999999914,1165.716199999995,0,0,76.09339999999635
561,3,t3a.large, Red Hat Enterprise Linux,3,323,684.5015999999963,608.7903000000041,0,0,75.7112999999921
562,149,c5n.4xlarge, Linux/UNIX,5,26,239.0746,163.59470000000005,1,0,75.47989999999996
563,605,z1d.3xlarge, Windows,3,40,929.5063000000004,855.2868999999997,1,0,74.2194000000004
564,631,c3.large, Red Hat Enterprise Linux,3,327,761.2559999999949,690.7704000000003,0,0,70.48559999999452
565,617,m5d.large, SUSE Linux,5,407,1309.5425999999975,1239.7266000000095,0,0,69.81599999998821
566,873,m5ad.16xlarge, SUSE Linux,2,86,2363.129999999996,2294.283999999997,1,0,68.84599999999818
567,524,r5ad.4xlarge, Windows,3,10,317.5923,249.20120000000009,1,0,68.39109999999994
568,808,m5ad.2xlarge, Windows,5,41,522.0061999999998,453.78830000000016,1,0,68.21789999999982
569,786,m5ad.xlarge, Windows,5,83,514.6413,448.00910000000056,1,0,66.63219999999944
570,713,c5d.large, SUSE Linux,27,407,1293.5397999999952,1227.299999999998,0,0,66.23979999999733
571,822,m5dn.large, SUSE Linux,4,202,574.6247000000006,508.6769000000013,0,0,65.94779999999935
572,639,z1d.6xlarge, Windows,1,18,831.7148000000003,766.1952000000006,1,0,65.51959999999963
573,14,t2.medium, Red Hat Enterprise Linux,6,327,645.8903999999948,580.8599999999971,0,0,65.03039999999771
574,929,a1.2xlarge, SUSE Linux,4,321,1287.5187999999955,1222.73680000001,0,0,64.7819999999856
575,1025,inf1.24xlarge, Linux/UNIX,5,119,6589.519300000016,6525.7740000000185,1,0,63.745299999998686
576,1024,inf1.24xlarge, Red Hat Enterprise Linux,5,119,6960.799300000007,6897.054000000008,1,0,63.745299999998686
577,733,t3a.xlarge, Linux/UNIX,2,370,400.533200000002,337.5718999999998,0,0,62.96130000000221
578,666,t3a.xlarge, Windows,1,370,1054.0559999999955,991.1674000000028,0,0,62.888599999992955
579,18,f1.16xlarge, Red Hat Enterprise Linux,1,25,2515.801000000001,2454.000000000001,1,0,61.80100000000039
580,481,x1e.4xlarge, Windows,10,406,16981.779399999934,16920.120599999933,0,0,61.65880000000106
581,914,t3a.xlarge, SUSE Linux,4,370,1338.9081999999976,1278.2038999999968,0,0,60.70430000000079
582,291,m2.2xlarge, Red Hat Enterprise Linux,6,153,462.2246,401.6087999999999,1,0,60.61580000000009
583,287,m2.xlarge, Red Hat Enterprise Linux,1,327,724.3703999999966,663.9048000000038,0,0,60.46559999999295
584,242,t3.medium, Red Hat Enterprise Linux,2,326,627.4848000000012,567.8736000000019,0,0,59.61119999999926
585,650,m5a.xlarge, Red Hat Enterprise Linux,57,98,300.9598000000001,241.7473,1,0,59.212500000000155
586,544,r5a.xlarge, Red Hat Enterprise Linux,3,94,293.8764000000001,234.78719999999961,1,0,59.08920000000046
587,857,m5n.4xlarge, Windows,1,112,2463.729700000002,2407.3728000000033,1,0,56.35689999999886
588,826,r5n.large, SUSE Linux,3,202,568.5497999999992,513.5931999999991,0,0,54.95659999999998
589,881,r5d.24xlarge, SUSE Linux,2,11,527.628,473.7504000000001,1,0,53.87759999999992
590,495,r5ad.2xlarge, Linux/UNIX,3,39,137.25350000000003,83.52919999999997,1,0,53.72430000000006
591,547,a1.large, Linux/UNIX,3,320,129.03649999999953,76.77600000000014,0,0,52.260499999999396
592,848,m5n.large, SUSE Linux,4,202,560.7086000000002,508.5420000000013,0,0,52.16659999999889
593,855,m5n.8xlarge, Red Hat Enterprise Linux,1,34,552.8892000000003,502.69530000000015,1,0,50.19390000000021
594,769,m5ad.large, Linux/UNIX,3,148,121.27860000000028,72.0380999999999,1,0,49.24050000000038
595,899,i3en.xlarge, SUSE Linux,16,357,2117.8991999999976,2068.895799999994,0,0,49.0034000000037
596,219,i3en.xlarge, Red Hat Enterprise Linux,16,322,1560.6002000000055,1511.5968000000046,0,0,49.00340000000097
597,225,i3en.xlarge, Linux/UNIX,16,357,1210.8242000000039,1161.8208000000047,0,0,49.00339999999938
598,635,r5ad.large, Red Hat Enterprise Linux,12,324,741.7081999999971,692.7236999999999,0,0,48.984499999997176
599,1014,r5dn.large, SUSE Linux,8,202,568.7204999999991,523.0877999999989,0,0,45.63270000000023
600,407,r5d.24xlarge, Linux/UNIX,2,10,438.7644,393.4488000000002,1,0,45.3155999999999
601,375,m1.large, Red Hat Enterprise Linux,14,327,653.738399999995,608.9160000000015,0,0,44.82239999999342
602,321,t3.2xlarge, Linux/UNIX,4,407,1020.4140000000076,978.9223000000106,0,0,41.49169999999697
603,378,t3.2xlarge, SUSE Linux,4,407,2097.3640000000023,2055.8723000000077,0,0,41.49169999999458
604,371,m1.medium, Windows,5,406,620.5421000000033,579.7807000000007,0,0,40.7614000000026
605,351,inf1.xlarge, SUSE Linux,2,148,797.2657999999988,757.590800000001,0,0,39.67499999999791
606,928,t3a.large, SUSE Linux,6,370,1014.8469000000024,975.6019,0,0,39.245000000002506
607,554,a1.large, Red Hat Enterprise Linux,3,236,435.00770000000205,395.85120000000086,0,0,39.15650000000114
608,180,t3a.medium, Red Hat Enterprise Linux,3,324,577.8090999999996,538.7373999999974,0,0,39.07170000000224
609,449,r3.large, SUSE Linux,14,321,1019.239200000004,980.6435999999983,0,0,38.59560000000557
610,874,m5ad.24xlarge, SUSE Linux,4,33,1408.6503,1370.1864999999998,1,0,38.46380000000022
611,912,a1.xlarge, SUSE Linux,4,321,1035.412600000001,997.1709999999963,0,0,38.24160000000461
612,508,c1.medium, Red Hat Enterprise Linux,2,327,611.3591999999978,573.4200000000002,0,0,37.93919999999764
613,856,m5n.8xlarge, Linux/UNIX,1,33,426.71579999999983,388.9520999999999,1,0,37.763699999999965
614,948,m5n.8xlarge, SUSE Linux,1,33,505.9158,468.15210000000013,1,0,37.76369999999992
615,751,m5ad.large, Windows,4,97,299.3797,261.7319999999995,1,0,37.6477000000005
616,73,t3.xlarge, SUSE Linux,16,407,1552.761899999998,1515.2347000000009,0,0,37.52719999999682
617,308,t3.xlarge, Linux/UNIX,15,407,525.7369000000011,488.49770000000535,0,0,37.239199999995826
618,273,i3.metal, Linux/UNIX,1,48,1762.3643999999986,1725.2351999999978,1,0,37.12920000000032
619,271,i3.metal, SUSE Linux,1,48,1877.5644,1840.4352,1,0,37.129200000000075
620,17,f1.16xlarge, SUSE Linux,3,320,31217.759999999827,31180.79999999983,1,0,36.96000000000277
621,958,f1.16xlarge, Linux/UNIX,3,320,30449.7600000002,30412.8000000002,1,0,36.959999999999134
622,85,g3.16xlarge, Linux/UNIX,2,9,331.9670999999999,295.4879999999999,1,0,36.479100000000024
623,86,g3.16xlarge, SUSE Linux,2,9,353.5671000000001,317.0880000000002,1,0,36.47909999999985
624,315,m3.medium, Windows,8,320,463.8834999999997,427.7780000000026,0,0,36.10549999999705
625,422,r5ad.xlarge, Windows,5,41,264.5259999999999,228.49459999999996,1,0,36.03139999999996
626,246,i3en.12xlarge, Red Hat Enterprise Linux,1,322,13615.460100000051,13579.641600000055,0,0,35.818499999997584
627,479,x1e.8xlarge, Linux/UNIX,1,17,852.3075999999995,816.6527999999993,1,0,35.654800000000364
628,475,x1e.8xlarge, SUSE Linux,1,17,893.1075999999997,857.4527999999998,1,0,35.6547999999999
629,253,i3en.3xlarge, Windows,1,47,1115.3068,1081.5264000000002,1,0,33.78039999999987
630,48,t2.small, Red Hat Enterprise Linux,18,327,558.777599999999,525.4319999999975,0,0,33.34560000000147
631,313,m3.xlarge, Linux/UNIX,3,407,606.0704000000022,573.0768000000012,0,0,32.99360000000115
632,70,m3.xlarge, SUSE Linux,3,407,1582.8703999999914,1549.8767999999984,0,0,32.993599999992966
633,10,t3a.large, Linux/UNIX,2,370,201.21689999999882,169.02629999999954,0,0,32.19059999999928
634,163,t3a.large, Windows,2,370,446.0812999999976,414.1179000000032,0,0,31.96339999999441
635,347,i2.4xlarge, Linux/UNIX,6,319,7863.48529999997,7832.087999999959,1,0,31.397300000011448
636,336,i2.4xlarge, SUSE Linux,6,319,8629.085300000033,8597.68800000004,1,0,31.397299999993265
637,719,r5dn.2xlarge, Windows,1,80,898.1369999999989,867.7176999999989,1,0,30.419300000000128
638,293,t3.small, Red Hat Enterprise Linux,2,326,548.4623999999967,518.5890999999979,0,0,29.873299999998835
639,974,r5n.4xlarge, Windows,3,202,4408.215200000014,4379.071000000016,0,0,29.144199999997912
640,437,z1d.12xlarge, Red Hat Enterprise Linux,2,323,11389.238400000006,11360.503700000005,0,0,28.73470000000089
641,130,r5.8xlarge, Red Hat Enterprise Linux,13,307,3472.7878999999953,3444.228399999997,0,0,28.55949999999757
642,687,r5.8xlarge, Linux/UNIX,13,307,2514.947899999998,2486.3884000000007,0,0,28.55949999999757
643,500,z1d.metal, SUSE Linux,1,19,684.2363999999999,656.2751999999998,1,0,27.961199999999966
644,503,z1d.metal, Linux/UNIX,1,19,638.6363999999994,610.6751999999996,1,0,27.961199999999852
645,921,t3a.nano, SUSE Linux,32,370,702.9765999999994,675.2913000000046,0,0,27.685299999994754
646,158,t3a.micro, SUSE Linux,5,370,712.8867000000004,685.8731000000028,0,0,27.01359999999761
647,26,g2.2xlarge, SUSE Linux,6,321,2304.845099999997,2278.3253999999897,0,0,26.519700000007106
648,9,g2.2xlarge, Linux/UNIX,6,321,1534.4451000000033,1507.9254000000014,0,0,26.51970000000188
649,908,t3a.small, SUSE Linux,7,370,803.1402000000005,776.6960000000003,0,0,26.444200000000137
650,920,c5n.2xlarge, SUSE Linux,2,22,147.25629999999995,121.08919999999996,1,0,26.167100000000033
651,586,a1.medium, Linux/UNIX,9,320,64.51199999999976,38.441900000000025,0,0,26.070099999999737
652,930,a1.4xlarge, SUSE Linux,1,132,767.2851999999997,741.2448000000014,1,0,26.040399999998158
653,92,g3.8xlarge, SUSE Linux,19,320,6047.094799999971,6021.119999999963,0,0,25.974800000008145
654,93,g3.8xlarge, Linux/UNIX,15,320,5279.094800000021,5253.120000000027,0,0,25.974799999993596
655,985,m5dn.2xlarge, Windows,1,111,1218.717500000001,1192.9777000000015,1,0,25.739799999999605
656,294,m1.small, Windows,1,407,345.78720000000214,320.06160000000006,0,0,25.72560000000209
657,25,g2.2xlarge, Red Hat Enterprise Linux,2,237,1873.8946999999976,1848.5999999999926,0,0,25.294700000004926
658,909,t3a.medium, SUSE Linux,5,370,915.4198,890.6232000000006,0,0,24.796599999999327
659,601,r5ad.xlarge, Linux/UNIX,3,35,61.908599999999964,37.59179999999999,1,0,24.316799999999965
660,357,m1.medium, Red Hat Enterprise Linux,2,327,562.7016000000009,539.5175999999993,0,0,23.18400000000156
661,982,m5dn.2xlarge, Red Hat Enterprise Linux,4,202,1049.5896000000025,1026.456900000002,0,0,23.132700000000337
662,643,c3.xlarge, SUSE Linux,3,320,1220.3796000000011,1197.6113999999966,0,0,22.768200000004978
663,628,c3.xlarge, Linux/UNIX,3,320,452.3796000000011,429.6114000000013,0,0,22.76819999999981
664,602,r5ad.large, Windows,1,46,148.06029999999996,125.39919999999991,1,0,22.66110000000009
665,616,z1d.2xlarge, Windows,1,34,505.02740000000017,482.4192000000004,1,0,22.608199999999837
666,476,m5d.16xlarge, SUSE Linux,1,43,1192.6615,1170.2879999999996,1,0,22.373500000000377
667,869,m5ad.2xlarge, SUSE Linux,12,149,851.7972999999985,829.6199000000017,1,0,22.177399999996855
668,969,m5dn.24xlarge, Red Hat Enterprise Linux,3,155,4069.161699999992,4047.279099999992,1,0,21.882600000000366
669,963,m5dn.24xlarge, Linux/UNIX,3,155,3585.5617000000043,3563.6791000000035,1,0,21.882600000000366
670,303,m3.medium, Red Hat Enterprise Linux,2,327,545.4360000000016,523.7303999999988,0,0,21.70560000000296
671,933,a1.large, SUSE Linux,7,320,897.0364999999933,875.7185000000028,0,0,21.317999999990548
672,12,f1.4xlarge, Red Hat Enterprise Linux,1,28,773.7632000000001,752.6400000000001,1,0,21.1232
673,954,m5a.16xlarge, Red Hat Enterprise Linux,1,206,3818.394999999993,3797.365999999993,1,0,21.029000000000448
674,339,t3.nano, SUSE Linux,6,406,788.1904000000023,767.5096000000025,0,0,20.680799999999863
675,206,t3.micro, SUSE Linux,5,407,805.7807999999918,785.2455999999924,0,0,20.535199999999353
676,590,p2.8xlarge, Windows,29,320,27913.557600000157,27893.760000000155,1,0,19.797599999998056
677,898,r5d.metal, SUSE Linux,3,46,1399.4389999999994,1379.7706999999994,1,0,19.668299999999817
678,195,t3.large, SUSE Linux,29,406,1155.8733000000002,1136.3759000000032,0,0,19.49739999999701
679,324,m3.large, Red Hat Enterprise Linux,2,66,161.8732,142.43999999999986,1,0,19.43320000000014
680,710,t3a.small, Red Hat Enterprise Linux,3,323,520.2716000000023,500.8531999999981,0,0,19.41840000000434
681,591,a1.medium, Red Hat Enterprise Linux,7,236,387.4175999999993,368.15149999999915,0,0,19.266100000000165
682,326,g4dn.2xlarge, Red Hat Enterprise Linux,12,179,1541.8147,1522.6670000000006,1,0,19.147699999999304
683,592,a1.medium, SUSE Linux,12,320,832.511999999997,814.1831000000003,0,0,18.32889999999645
684,390,x1e.xlarge, Windows,8,407,4258.630899999984,4240.314799999983,0,0,18.31610000000091
685,405,x1e.xlarge, Red Hat Enterprise Linux,13,323,2422.812900000008,2404.6958000000072,0,0,18.1171000000013
686,890,r5ad.8xlarge, SUSE Linux,1,5,106.2833,88.45399999999998,1,0,17.829300000000018
687,190,t3a.medium, Linux/UNIX,2,370,101.97479999999977,84.51339999999976,0,0,17.461399999999998
688,662,r5a.16xlarge, Red Hat Enterprise Linux,1,183,3525.449700000009,3508.7688000000094,1,0,16.680899999999838
689,688,r5a.16xlarge, Linux/UNIX,1,183,2954.489700000007,2937.8088000000066,1,0,16.680899999999387
690,87,t2.micro, Red Hat Enterprise Linux,2,327,514.8496000000038,498.5712000000002,0,0,16.2784000000035
691,114,t3a.medium, Windows,5,370,263.7359999999981,247.90440000000095,0,0,15.83159999999708
692,726,m5a.16xlarge, Linux/UNIX,1,205,3154.917300000008,3139.3220000000088,1,0,15.595299999999494
693,283,t3.small, SUSE Linux,6,407,899.1942999999991,883.9872999999985,0,0,15.207000000000562
694,1016,r5dn.xlarge, Windows,1,161,887.7787000000018,872.7479000000022,1,0,15.030799999999545
695,196,t3.micro, Red Hat Enterprise Linux,2,327,510.12940000000077,495.4104000000031,0,0,14.718999999997607
696,8,f1.2xlarge, Red Hat Enterprise Linux,3,178,2684.5255,2670.0,1,0,14.525499999999738
697,2,f1.2xlarge, SUSE Linux,3,263,3770.1655000000205,3755.6400000000212,1,0,14.525499999999285
698,911,c5n.9xlarge, SUSE Linux,6,26,439.9796,425.6615,1,0,14.318100000000017
699,98,c5n.9xlarge, Linux/UNIX,6,26,377.5796,363.26150000000007,1,0,14.318099999999902
700,585,r5ad.12xlarge, Linux/UNIX,1,4,119.03299999999999,104.8325,1,0,14.200499999999993
701,638,r5ad.large, Linux/UNIX,1,39,34.35079999999998,20.30469999999999,1,0,14.046099999999988
702,829,i3en.2xlarge, SUSE Linux,13,357,3294.1156999999976,3280.491599999998,0,0,13.624099999999544
703,870,m5ad.4xlarge, SUSE Linux,3,36,333.5784999999998,320.40130000000016,1,0,13.17719999999963
704,431,m5d.8xlarge, SUSE Linux,1,115,1716.0196999999994,1702.9199999999994,1,0,13.099699999999983
705,259,i3en.2xlarge, Red Hat Enterprise Linux,11,322,3113.447699999989,3100.473599999989,0,0,12.974100000000362
706,260,i3en.2xlarge, Linux/UNIX,11,357,2336.615700000007,2323.641600000009,0,0,12.974099999997636
707,542,z1d.xlarge, Windows,1,43,317.75720000000024,305.05920000000026,1,0,12.69799999999998
708,858,r5ad.2xlarge, SUSE Linux,4,41,247.20939999999987,234.54449999999989,1,0,12.664899999999989
709,361,h1.4xlarge, Red Hat Enterprise Linux,14,322,3344.260999999989,3332.123799999987,0,0,12.137200000002395
710,721,t3a.small, Linux/UNIX,2,370,54.106199999999895,42.01399999999977,0,0,12.092200000000124
711,875,m5ad.xlarge, SUSE Linux,6,169,687.9653000000004,675.9766000000009,1,0,11.988699999999652
712,981,m5dn.2xlarge, Linux/UNIX,4,109,224.45800000000003,212.65919999999997,1,0,11.798800000000085
713,244,i3en.3xlarge, Red Hat Enterprise Linux,1,9,127.741,115.9488,1,0,11.792199999999996
714,819,i3en.3xlarge, SUSE Linux,1,44,546.9730000000002,535.1808000000002,1,0,11.792199999999982
715,325,m3.large, Linux/UNIX,1,321,237.29610000000125,226.05120000000102,0,0,11.244900000000227
716,307,m3.large, SUSE Linux,1,321,1007.6960999999943,996.4512000000044,0,0,11.244899999990025
717,232,t3.large, Linux/UNIX,26,406,255.3623000000001,244.12069999999932,0,0,11.241600000000773
718,633,c3.large, Linux/UNIX,2,320,225.7920000000008,214.5672000000007,0,0,11.224800000000071
719,623,c3.large, SUSE Linux,2,320,993.791999999996,982.5672000000043,0,0,11.224799999991774
720,1001,r5n.2xlarge, Red Hat Enterprise Linux,4,98,513.8582999999993,502.7013999999992,1,0,11.156900000000064
721,103,t3a.micro, Red Hat Enterprise Linux,3,323,494.15389999999917,483.1882999999972,0,0,10.96560000000193
722,1032,r5dn.2xlarge, Red Hat Enterprise Linux,1,124,647.4088999999991,636.5211999999991,1,0,10.887699999999995
723,903,r5ad.xlarge, SUSE Linux,3,39,168.7905999999999,157.93130000000005,1,0,10.859299999999905
724,366,m1.small, Red Hat Enterprise Linux,2,327,516.3984000000037,505.57919999999694,0,0,10.819200000006616
725,401,x1e.xlarge, Linux/UNIX,19,321,1936.8899999999926,1926.5042999999928,1,0,10.385699999999817
726,394,x1e.xlarge, SUSE Linux,19,321,2707.289999999988,2696.9042999999892,1,0,10.385699999998906
727,161,t2.large, SUSE Linux,3,407,1258.7077999999967,1248.3503999999914,0,0,10.35740000000533
728,191,t2.large, Linux/UNIX,3,407,281.90779999999995,271.5504000000006,0,0,10.357399999999302
729,827,p3dn.24xlarge, SUSE Linux,4,407,92568.70800000044,92558.6156000004,0,0,10.092400000008636
730,994,r5n.4xlarge, Red Hat Enterprise Linux,1,138,994.5566999999977,984.6531999999976,1,0,9.903500000000236
731,309,t2.xlarge, SUSE Linux,7,407,1530.7049999999945,1520.8775999999905,0,0,9.827400000004216
732,71,t2.xlarge, Linux/UNIX,7,407,553.9049999999976,544.0775999999984,0,0,9.827399999999217
733,800,m5ad.2xlarge, Red Hat Enterprise Linux,2,7,54.3257,44.64390000000001,1,0,9.681799999999988
734,936,z1d.3xlarge, SUSE Linux,1,14,155.52419999999995,146.09279999999995,1,0,9.431399999999996
735,882,m5ad.large, SUSE Linux,9,155,505.2584000000008,496.13670000000025,1,0,9.121700000000489
736,595,p3dn.24xlarge, Linux/UNIX,2,407,91491.05799999984,91481.96559999985,0,0,9.092399999994086
737,1029,m5n.4xlarge, Red Hat Enterprise Linux,1,105,738.7487999999988,729.7919999999983,1,0,8.956800000000499
738,187,c5n.metal, Red Hat Enterprise Linux,1,132,3306.852999999997,3297.989699999997,1,0,8.863300000000436
739,184,c5n.metal, Linux/UNIX,1,132,2895.013000000005,2886.149700000005,1,0,8.863299999999526
740,186,m5.16xlarge, Linux/UNIX,1,307,4712.939,4704.294099999997,0,0,8.644900000002963
741,185,m5.16xlarge, Red Hat Enterprise Linux,1,307,5670.779000000024,5662.134100000028,0,0,8.644899999997506
742,917,g4dn.4xlarge, SUSE Linux,21,222,2566.1698999999953,2557.6735999999964,0,0,8.496299999998882
743,13,f1.2xlarge, Linux/UNIX,3,262,3120.8517000000184,3112.560000000018,1,0,8.291699999999764
744,250,t3.medium, SUSE Linux,5,407,1024.8630000000057,1016.5786000000047,0,0,8.284400000000801
745,356,i2.xlarge, Linux/UNIX,2,407,2507.898699999985,2499.6311999999853,0,0,8.267500000000382
746,352,i2.xlarge, SUSE Linux,2,407,3484.6987000000063,3476.431200000006,0,0,8.267499999999927
747,485,x1e.4xlarge, SUSE Linux,8,320,8457.334200000034,8449.204700000031,1,0,8.129500000002736
748,448,x1e.4xlarge, Linux/UNIX,8,320,7689.334199999971,7681.204699999972,1,0,8.129499999999098
749,923,g4dn.8xlarge, SUSE Linux,6,222,4119.107399999981,4111.218399999977,0,0,7.889000000003763
750,932,z1d.2xlarge, SUSE Linux,1,31,248.3283,240.4608,1,0,7.867500000000009
751,741,t3a.small, Windows,1,370,213.11999999999838,205.4091999999974,0,0,7.710800000000943
752,117,t2.2xlarge, SUSE Linux,3,407,2072.030699999997,2064.9551999999944,0,0,7.075500000003103
753,102,t2.2xlarge, Linux/UNIX,3,407,1095.230699999996,1088.1551999999967,0,0,7.075499999999237
754,228,t3.nano, Red Hat Enterprise Linux,3,327,490.5,483.53280000000257,0,0,6.967199999997432
755,362,h1.2xlarge, SUSE Linux,5,320,1981.302200000008,1974.5643000000046,0,0,6.737900000003265
756,971,h1.2xlarge, Linux/UNIX,5,320,1213.3022,1206.5643000000011,0,0,6.737899999998945
757,970,h1.2xlarge, Red Hat Enterprise Linux,5,236,1616.9822000000106,1610.244300000012,0,0,6.737899999998717
758,889,i3en.large, SUSE Linux,1,49,204.0266000000001,197.3328,1,0,6.693800000000068
759,240,i3en.3xlarge, Linux/UNIX,1,43,426.5047999999995,419.81759999999946,1,0,6.6872000000000185
760,995,r5n.4xlarge, Linux/UNIX,1,137,556.7622999999978,550.0803999999978,1,0,6.681900000000155
761,841,r5ad.24xlarge, SUSE Linux,2,33,1480.3008000000011,1473.9984,1,1,6.302400000001171
762,611,r5ad.large, SUSE Linux,5,45,153.5557000000001,147.3526000000001,1,0,6.203100000000006
763,107,t1.micro, Red Hat Enterprise Linux,1,327,492.4515999999979,486.6431999999999,0,0,5.8083999999980165
764,620,z1d.3xlarge, Linux/UNIX,1,13,109.81069999999993,104.4575999999999,1,0,5.353100000000026
765,211,i3en.large, Windows,1,48,189.41630000000006,184.08960000000027,1,0,5.3266999999998745
766,674,m5a.8xlarge, Windows,3,307,13197.72550000008,13192.448100000078,0,0,5.277400000000854
767,980,r5n.16xlarge, Red Hat Enterprise Linux,1,5,143.88689999999997,138.65500000000003,1,0,5.231899999999938
768,1005,m5dn.xlarge, Red Hat Enterprise Linux,2,202,490.43620000000124,485.2542000000012,0,0,5.182000000000073
769,1006,m5dn.xlarge, Linux/UNIX,2,202,199.55620000000027,194.37420000000049,0,0,5.1819999999997615
770,701,m5ad.12xlarge, Windows,2,38,2919.105599999999,2913.997699999999,1,1,5.1078999999999715
771,773,t3a.nano, Red Hat Enterprise Linux,30,323,479.10310000000237,474.04809999999674,0,0,5.055000000005748
772,1008,r5dn.large, Windows,3,184,507.28230000000144,502.32670000000155,1,0,4.955599999999947
773,202,i3en.large, Red Hat Enterprise Linux,1,13,44.77470000000001,39.8736,1,0,4.901100000000007
774,23,g2.8xlarge, Linux/UNIX,2,407,7624.772200000029,7619.872900000029,0,0,4.899300000000039
775,20,g2.8xlarge, SUSE Linux,2,407,8601.572199999979,8596.67289999998,0,0,4.89929999999913
776,99,t3a.micro, Linux/UNIX,2,370,26.08819999999998,21.20990000000001,0,0,4.8782999999999666
777,419,z1d.2xlarge, Linux/UNIX,1,30,165.50830000000005,160.70400000000004,1,0,4.804300000000012
778,735,m5a.8xlarge, Linux/UNIX,2,307,2351.580099999991,2347.005499999992,0,0,4.574599999999464
779,736,m5a.8xlarge, Red Hat Enterprise Linux,2,307,3309.420099999988,3304.8454999999876,0,0,4.574599999999464
780,661,m5ad.12xlarge, Linux/UNIX,3,32,648.9446999999998,644.4312999999999,1,1,4.513399999999934
781,348,m1.large, Linux/UNIX,12,407,175.27229999999975,170.93999999999917,0,0,4.3323000000005445
782,379,m1.large, SUSE Linux,12,407,1152.0723000000025,1147.7400000000052,0,0,4.332299999997304
783,74,g4dn.12xlarge, Red Hat Enterprise Linux,4,62,1919.2952999999984,1915.104299999998,1,0,4.191000000000258
784,1031,r5dn.2xlarge, Linux/UNIX,1,121,247.6591999999992,243.5236999999992,1,0,4.135499999999978
785,559,p3.2xlarge, Windows,2,407,12565.622199999887,12561.647999999888,0,0,3.9742000000005646
786,135,c5n.2xlarge, Linux/UNIX,1,6,22.613500000000005,18.655400000000004,1,0,3.9581000000000017
787,261,i3en.12xlarge, Windows,4,357,32993.946599999916,32990.25899999991,0,0,3.6875999999974733
788,1028,m5n.4xlarge, Linux/UNIX,1,103,398.2088999999999,394.53119999999984,1,0,3.677700000000016
789,154,t3a.micro, Windows,1,370,106.55999999999918,102.9059000000003,0,0,3.6540999999988633
790,4,f1.4xlarge, Linux/UNIX,3,321,7630.43560000005,7626.96000000005,1,0,3.4755999999997584
791,11,f1.4xlarge, SUSE Linux,3,321,8400.835599999968,8397.359999999968,1,0,3.4755999999997584
792,507,m5n.2xlarge, Red Hat Enterprise Linux,5,202,1026.893500000001,1023.7842000000011,0,0,3.109300000000076
793,499,m5n.2xlarge, Linux/UNIX,5,202,396.65350000000154,393.5442000000018,0,0,3.109299999999621
794,306,g4dn.16xlarge, Windows,4,222,22616.38579999996,22613.35479999996,0,0,3.03099999999904
795,137,m5.8xlarge, Linux/UNIX,15,307,2361.207799999993,2358.3558999999923,0,0,2.8519000000014785
796,128,m5.8xlarge, Red Hat Enterprise Linux,15,307,3319.047799999986,3316.1958999999847,0,0,2.851900000001024
797,63,g4dn.16xlarge, Linux/UNIX,4,222,6935.053299999987,6932.243999999985,0,0,2.8093000000008037
798,69,g4dn.16xlarge, Red Hat Enterprise Linux,4,222,7627.693299999968,7624.883999999968,0,0,2.8092999999998938
799,298,g4dn.xlarge, Red Hat Enterprise Linux,15,125,652.8286000000003,650.0431000000002,1,0,2.7854999999998427
800,812,x1.32xlarge, Linux/UNIX,1,406,38992.296400000014,38989.64160000002,0,0,2.6548000000038883
801,756,x1.32xlarge, SUSE Linux,1,406,39966.696399999826,39964.04159999984,0,0,2.6547999999966123
802,1010,r5dn.large, Red Hat Enterprise Linux,3,182,358.9861999999993,356.39039999999915,1,0,2.5958000000002244
803,1002,r5n.2xlarge, Linux/UNIX,4,94,191.40579999999957,188.9157999999995,1,0,2.4900000000000944
804,126,t3a.nano, Linux/UNIX,29,290,10.807399999999982,8.76969999999997,1,0,2.0377000000000103
805,649,t3a.nano, Windows,4,370,53.27199999999959,51.24239999999959,0,0,2.0295999999999954
806,527,z1d.large, Red Hat Enterprise Linux,7,323,898.503099999994,896.6109999999929,0,0,1.8921000000009367
807,435,m5d.8xlarge, Linux/UNIX,4,307,2354.855099999992,2353.2374999999915,0,0,1.6176000000004933
808,432,m5d.8xlarge, Red Hat Enterprise Linux,4,307,3312.6950999999867,3311.0774999999876,0,0,1.6175999999986743
809,511,r5a.8xlarge, Windows,3,307,13310.291999999961,13308.85029999996,0,0,1.4416999999994005
810,519,r5a.8xlarge, Red Hat Enterprise Linux,2,307,3422.43600000001,3421.0274000000104,0,0,1.408600000000206
811,525,r5a.8xlarge, Linux/UNIX,2,307,2464.5959999999936,2463.187399999994,0,0,1.4085999999997512
812,213,i3en.large, Linux/UNIX,1,45,74.62450000000007,73.22400000000006,1,0,1.400499999999994
813,512,c1.medium, Linux/UNIX,4,406,127.90509999999931,126.67199999999931,0,0,1.2330999999999932
814,510,c1.medium, SUSE Linux,4,406,1102.3050999999962,1101.0719999999963,0,0,1.233099999999922
815,975,r5n.16xlarge, Linux/UNIX,1,4,97.0548,95.8558,1,0,1.198999999999998
816,466,x1e.2xlarge, Windows,4,319,6648.4703999999865,6647.586599999987,1,0,0.88379999999961
817,31,t2.medium, Linux/UNIX,5,407,136.66490000000047,135.7830000000003,0,0,0.8819000000001722
818,7,t2.medium, SUSE Linux,5,407,1113.4649000000054,1112.5830000000074,0,0,0.8818999999982678
819,459,x1e.2xlarge, SUSE Linux,4,319,4596.662399999987,4595.922099999988,1,0,0.7403000000003885
820,461,x1e.2xlarge, Red Hat Enterprise Linux,4,236,3570.585600000019,3569.845300000018,1,0,0.7403000000003885
821,782,x1e.2xlarge, Linux/UNIX,4,319,3831.0623999999852,3830.3220999999853,1,0,0.7402999999999338
822,285,g4dn.4xlarge, Windows,3,222,5838.966700000016,5838.344700000016,0,0,0.6220000000002983
823,322,g4dn.4xlarge, Red Hat Enterprise Linux,24,222,2609.0466999999953,2608.497099999995,0,0,0.5496000000002823
824,302,g4dn.8xlarge, Windows,2,222,11310.44079999998,11309.90359999998,0,0,0.5372000000006665
825,61,t2.small, Windows,2,407,155.7898000000003,155.3112000000003,0,0,0.4786000000000286
826,931,i3en.12xlarge, SUSE Linux,3,5,291.8532,291.40760000000006,1,0,0.44559999999995625
827,239,i3en.12xlarge, Linux/UNIX,3,5,279.8532,279.40760000000006,1,0,0.44559999999995625
828,67,g4dn.12xlarge, Windows,3,222,17994.725200000037,17994.342700000037,0,0,0.38249999999970896
829,50,g4dn.12xlarge, Linux/UNIX,1,4,89.07300000000002,88.7772,1,0,0.29580000000001405
830,65,t2.small, SUSE Linux,16,407,360.73270000000235,360.43920000000264,0,0,0.2934999999997103
831,320,g4dn.2xlarge, Windows,3,222,3158.369299999999,3158.0871999999986,0,0,0.2820999999999003
832,43,t2.small, Linux/UNIX,16,407,67.68069999999959,67.39919999999964,0,0,0.28149999999995146
833,747,r5dn.24xlarge, Linux/UNIX,2,202,4871.206700000011,4870.927700000011,0,0,0.2789999999995416
834,746,r5dn.24xlarge, Red Hat Enterprise Linux,2,202,5501.4467000000095,5501.167700000011,0,0,0.2789999999995416
835,311,g4dn.2xlarge, Linux/UNIX,8,114,612.5013,612.251,1,0,0.2503000000000384
836,922,g4dn.8xlarge, Red Hat Enterprise Linux,7,222,4157.759100000021,4157.545000000021,0,0,0.21410000000014406
837,926,g4dn.8xlarge, Linux/UNIX,7,222,3465.119099999993,3464.9049999999934,0,0,0.2140999999996893
838,367,g4dn.xlarge, Windows,3,222,1818.0808999999947,1817.8876999999945,0,0,0.1932000000001608
839,1009,r5dn.large, Linux/UNIX,3,176,89.55679999999961,89.3711999999996,1,0,0.1856000000000364
840,286,m2.xlarge, SUSE Linux,2,407,1216.3785000000132,1216.203400000013,0,0,0.1751000000001568
841,290,m2.xlarge, Linux/UNIX,2,407,239.57849999999826,239.40339999999827,0,0,0.17509999999998627
842,265,t3.medium, Windows,2,407,299.21830000000165,299.06620000000163,0,0,0.15210000000001855
843,363,h1.2xlarge, Windows,3,320,4032.8837999999764,4032.759599999976,0,0,0.12419999999974607
844,268,i3en.6xlarge, Red Hat Enterprise Linux,2,322,7292.140799999958,7292.030799999959,0,0,0.11000000000058208
845,272,i3en.6xlarge, Linux/UNIX,2,357,6970.924799999979,6970.814799999979,0,0,0.10999999999967258
846,910,g4dn.12xlarge, SUSE Linux,2,222,6885.699400000041,6885.590800000044,0,0,0.10859999999865977
847,364,h1.16xlarge, Windows,2,320,32262.07479999981,32261.96849999981,0,0,0.10629999999946448
848,245,i3en.2xlarge, Windows,2,357,5476.6655999999875,5476.584499999986,0,0,0.08110000000033324
849,177,c5n.metal, Windows,2,264,26762.18859999996,26762.12869999996,0,0,0.05990000000019791
850,77,t2.micro, Linux/UNIX,4,406,34.15639999999997,34.103999999999964,0,0,0.052400000000005775
851,88,t2.micro, SUSE Linux,4,406,131.59639999999962,131.54399999999964,0,0,0.05239999999997736
852,1017,r5dn.16xlarge, Linux/UNIX,4,202,3249.53470000001,3249.4843000000105,0,0,0.05040000000008149
853,1013,r5dn.16xlarge, Red Hat Enterprise Linux,4,202,3879.774700000011,3879.7243000000103,0,0,0.05040000000008149
854,505,r5ad.4xlarge, Linux/UNIX,2,35,257.3776000000001,257.3287000000001,1,1,0.04890000000000328
855,818,r5ad.12xlarge, SUSE Linux,1,5,169.62079999999997,169.5913,1,1,0.02949999999998454
856,1015,r5dn.4xlarge, Windows,3,202,4379.749400000017,4379.7271000000155,0,0,0.02230000000054133
857,675,r5dn.12xlarge, Windows,2,202,13139.618500000059,13139.599500000058,0,0,0.01900000000023283
858,380,h1.8xlarge, Red Hat Enterprise Linux,2,236,4232.020599999988,4232.0072999999875,0,0,0.013299999999617285
859,381,h1.8xlarge, Linux/UNIX,2,321,4842.100600000004,4842.087300000005,0,0,0.013299999999617285
860,384,h1.8xlarge, SUSE Linux,2,321,5612.50059999994,5612.487299999942,0,0,0.013299999999617285
861,991,r5n.12xlarge, Red Hat Enterprise Linux,3,202,3064.801400000015,3064.794100000014,0,0,0.007300000000213912
862,990,r5n.12xlarge, Linux/UNIX,3,202,2434.561400000005,2434.5541000000053,0,0,0.007299999999759166
863,160,r5n.large, Red Hat Enterprise Linux,1,202,392.25989999999916,392.2542999999991,0,0,0.0056000000000153705
864,159,r5n.large, Linux/UNIX,1,202,101.37989999999951,101.37429999999948,0,0,0.0056000000000153705
865,972,m5dn.12xlarge, Linux/UNIX,1,202,2322.049899999997,2322.045899999997,0,0,0.00400000000036016
866,973,m5dn.12xlarge, Red Hat Enterprise Linux,1,202,2952.2899000000025,2952.2859000000026,0,0,0.003999999999905413
867,1020,r5dn.xlarge, Linux/UNIX,2,202,202.9416999999989,202.93899999999888,0,0,0.0027000000000043656
868,1021,r5dn.xlarge, Red Hat Enterprise Linux,2,202,493.8216999999986,493.81899999999865,0,0,0.0027000000000043656
869,383,h1.4xlarge, Windows,2,321,8091.091999999951,8091.090799999953,0,0,0.0011999999996987756
870,288,t3.small, Windows,2,407,240.81599999999733,240.81539999999734,0,0,0.0006000000000199178
871,223,t3.2xlarge, Windows,2,406,2408.849600000003,2408.849200000003,0,0,0.0003999999998995918
872,966,m5dn.large, Red Hat Enterprise Linux,0,202,387.8608000000003,387.8608000000003,0,0,0.0
873,967,r5d.16xlarge, Windows,2,307,26620.394599999818,26620.394599999818,0,0,0.0
874,965,m5dn.xlarge, Windows,1,202,1085.4958000000004,1085.4958000000004,0,0,0.0
875,968,m5dn.large, Linux/UNIX,0,202,96.98080000000007,96.98080000000007,0,0,0.0
876,815,r5d.8xlarge, Windows,1,307,13310.923399999961,13310.923399999961,0,0,0.0
877,575,a1.metal, Red Hat Enterprise Linux,1,202,1012.2564000000017,1012.2564000000017,0,0,0.0
878,573,p3dn.24xlarge, Red Hat Enterprise Linux,0,322,73366.54080000006,73366.54080000006,0,0,0.0
879,571,a1.metal, Linux/UNIX,1,202,382.0164000000015,382.0164000000015,0,0,0.0
880,964,r5d.16xlarge, Linux/UNIX,3,307,4929.11860000003,4929.11860000003,0,0,0.0
881,105,t1.micro, SUSE Linux,1,406,116.92799999999906,116.92799999999906,0,0,0.0
882,581,p3dn.24xlarge, Windows,0,406,134268.42239999972,134268.42239999972,0,0,0.0
883,953,m5n.xlarge, Linux/UNIX,3,202,193.4352000000009,193.4352000000009,0,0,0.0
884,946,a1.2xlarge, Windows,0,160,1661.1102999999964,1661.1102999999964,0,0,0.0
885,947,a1.metal, Windows,0,160,3321.800400000007,3321.800400000007,0,0,0.0
886,300,m1.xlarge, SUSE Linux,0,406,1315.440000000003,1315.440000000003,0,0,0.0
887,802,x1.16xlarge, Windows,0,406,48181.1568000001,48181.1568000001,0,0,0.0
888,304,m3.medium, Linux/UNIX,0,320,51.456000000000046,51.456000000000046,0,0,0.0
889,951,m5n.large, Windows,1,202,542.9759999999983,542.9759999999983,0,0,0.0
890,952,m5n.xlarge, Red Hat Enterprise Linux,3,202,484.3152000000016,484.3152000000016,0,0,0.0
891,310,m3.medium, SUSE Linux,0,320,819.4559999999939,819.4559999999939,0,0,0.0
892,962,m5dn.4xlarge, Windows,0,202,4342.0277000000015,4342.0277000000015,0,0,0.0
893,976,r5n.12xlarge, Windows,2,202,13138.120500000061,13138.120500000061,0,0,0.0
894,956,a1.medium, Windows,0,160,207.73529999999928,207.73529999999928,0,0,0.0
895,317,t2.xlarge, Windows,0,407,944.5655999999948,944.5655999999948,0,0,0.0
896,318,g4dn.4xlarge, Linux/UNIX,0,5,35.27710000000001,35.27710000000001,1,1,0.0
897,95,g3.4xlarge, Windows,0,320,8279.040000000035,8279.040000000035,0,0,0.0
898,960,m5dn.16xlarge, Windows,2,202,17368.188399999934,17368.188399999934,0,0,0.0
899,961,r5d.16xlarge, Red Hat Enterprise Linux,3,307,5886.95860000002,5886.95860000002,0,0,0.0
900,330,inf1.xlarge, Linux/UNIX,2,148,392.14080000000087,392.14080000000087,0,0,0.0
901,781,x1e.16xlarge, Linux/UNIX,0,4,568.2814,568.2814,1,1,0.0
902,977,r5n.24xlarge, Linux/UNIX,0,202,4866.940900000011,4866.940900000011,0,0,0.0
903,999,r5n.xlarge, Red Hat Enterprise Linux,1,202,493.6059999999986,493.6059999999986,0,0,0.0
904,346,t3.nano, Windows,1,406,60.41280000000038,60.41280000000038,0,0,0.0
905,358,t3.small, Linux/UNIX,0,407,61.084300000000184,61.084300000000184,0,0,0.0
906,1003,r5n.24xlarge, Windows,1,202,26275.227400000116,26275.227400000116,0,0,0.0
907,359,m1.medium, SUSE Linux,0,406,1059.172799999992,1059.172799999992,0,0,0.0
908,360,m1.medium, Linux/UNIX,0,406,84.77279999999914,84.77279999999914,0,0,0.0
909,368,m1.small, Linux/UNIX,1,407,42.97920000000017,42.97920000000017,0,0,0.0
910,518,m5n.2xlarge, Windows,0,202,2170.934400000001,2170.934400000001,0,0,0.0
911,1012,r5dn.16xlarge, Windows,2,202,17522.761399999996,17522.761399999996,0,0,0.0
912,376,i2.2xlarge, SUSE Linux,0,407,5973.132000000035,5973.132000000035,0,0,0.0
913,377,i2.2xlarge, Linux/UNIX,0,407,4996.331999999966,4996.331999999966,0,0,0.0
914,1018,r5dn.4xlarge, Linux/UNIX,3,202,811.6595999999957,811.6595999999957,0,0,0.0
915,1019,r5dn.4xlarge, Red Hat Enterprise Linux,3,202,1441.8996000000025,1441.8996000000025,0,0,0.0
916,385,h1.8xlarge, Windows,17,321,16182.089299999905,16182.089299999905,0,0,0.0
917,480,m5d.16xlarge, Windows,0,307,26395.859999999888,26395.859999999888,0,0,0.0
918,424,m5d.8xlarge, Windows,0,307,13198.298400000078,13198.298400000078,0,0,0.0
919,444,m5d.16xlarge, Linux/UNIX,0,307,4704.467999999997,4704.467999999997,0,0,0.0
920,453,m5d.16xlarge, Red Hat Enterprise Linux,0,307,5662.308000000027,5662.308000000027,0,0,0.0
921,552,p3.16xlarge, Windows,0,406,100246.27199999912,100246.27199999912,0,0,0.0
922,998,r5n.xlarge, Linux/UNIX,1,202,202.7259999999989,202.7259999999989,0,0,0.0
923,978,r5n.24xlarge, Red Hat Enterprise Linux,0,202,5497.18090000001,5497.18090000001,0,0,0.0
924,553,p2.xlarge, Windows,23,407,4434.6720000000205,4434.6720000000205,0,0,0.0
925,979,m5dn.large, Windows,0,202,542.9931999999983,542.9931999999983,0,0,0.0
926,331,inf1.6xlarge, SUSE Linux,5,148,2483.852399999996,2483.852399999996,0,0,0.0
927,333,inf1.6xlarge, Red Hat Enterprise Linux,3,148,2490.6624000000056,2490.6624000000056,0,0,0.0
928,334,inf1.6xlarge, Linux/UNIX,3,148,2028.902399999991,2028.902399999991,0,0,0.0
929,983,m5dn.12xlarge, Windows,0,202,13026.471999999994,13026.471999999994,0,0,0.0
930,335,inf1.xlarge, Red Hat Enterprise Linux,2,148,605.2608000000013,605.2608000000013,0,0,0.0
931,342,i3en.xlarge, Windows,0,357,2738.332799999993,2738.332799999993,0,0,0.0
932,986,m5dn.16xlarge, Linux/UNIX,0,202,3096.128800000008,3096.128800000008,0,0,0.0
933,299,m2.2xlarge, Linux/UNIX,7,406,477.45599999999655,477.45599999999655,0,0,0.0
934,987,m5dn.4xlarge, Red Hat Enterprise Linux,0,202,1404.1085999999932,1404.1085999999932,0,0,0.0
935,988,m5dn.16xlarge, Red Hat Enterprise Linux,0,202,3726.3687999999934,3726.3687999999934,0,0,0.0
936,989,m5dn.4xlarge, Linux/UNIX,0,202,773.8686000000033,773.8686000000033,0,0,0.0
937,558,p3.8xlarge, Windows,0,406,50123.13599999956,50123.13599999956,0,0,0.0
938,993,r5n.xlarge, Windows,1,202,1094.7645000000039,1094.7645000000039,0,0,0.0
939,344,inf1.2xlarge, Red Hat Enterprise Linux,2,148,1084.079999999999,1084.079999999999,0,0,0.0
940,345,inf1.2xlarge, Linux/UNIX,2,148,622.3199999999981,622.3199999999981,0,0,0.0
941,996,r5n.2xlarge, Windows,0,202,2189.5723000000085,2189.5723000000085,0,0,0.0
942,945,a1.4xlarge, Windows,1,160,3321.8581000000067,3321.8581000000067,0,0,0.0
943,935,c5d.24xlarge, Red Hat Enterprise Linux,6,175,4378.149000000001,4378.149000000001,0,0,0.0
944,943,a1.large, Windows,1,160,415.0870000000006,415.0870000000006,0,0,0.0
945,38,d2.8xlarge, Linux/UNIX,0,406,16136.064000000093,16136.064000000093,0,0,0.0
946,832,m5n.24xlarge, Linux/UNIX,1,202,4643.414399999994,4643.414399999994,0,0,0.0
947,58,t3.xlarge, Windows,0,406,1204.4250000000015,1204.4250000000015,0,0,0.0
948,167,d2.4xlarge, Linux/UNIX,0,407,8087.904000000047,8087.904000000047,0,0,0.0
949,743,r5dn.24xlarge, Windows,0,202,26279.497400000117,26279.497400000117,0,0,0.0
950,171,d2.4xlarge, SUSE Linux,0,407,9064.704000000014,9064.704000000014,0,0,0.0
951,172,d2.4xlarge, Windows,0,407,11037.840000000057,11037.840000000057,0,0,0.0
952,55,g3.8xlarge, Windows,0,320,16558.080000000067,16558.080000000067,0,0,0.0
953,178,t2.2xlarge, Windows,0,407,1693.7711999999888,1693.7711999999888,0,0,0.0
954,179,r5.16xlarge, Linux/UNIX,1,307,4928.45520000003,4928.45520000003,0,0,0.0
955,189,d2.2xlarge, Linux/UNIX,0,406,4034.0160000000233,4034.0160000000233,0,0,0.0
956,52,t2.micro, Windows,0,406,78.92640000000054,78.92640000000054,0,0,0.0
957,785,x1.32xlarge, Windows,1,406,96362.3136000002,96362.3136000002,0,0,0.0
958,198,i3.4xlarge, Windows,1,406,10819.737600000035,10819.737600000035,0,0,0.0
959,214,t3.micro, Linux/UNIX,0,407,30.28080000000019,30.28080000000019,0,0,0.0
960,215,i3en.6xlarge, Windows,0,357,16429.99679999995,16429.99679999995,0,0,0.0
961,216,i3.8xlarge, Windows,1,407,21692.774400000068,21692.774400000068,0,0,0.0
962,220,t3.nano, Linux/UNIX,1,406,15.5903999999999,15.5903999999999,0,0,0.0
963,46,g3s.xlarge, Windows,0,320,3141.119999999982,3141.119999999982,0,0,0.0
964,41,d2.xlarge, Linux/UNIX,0,406,2017.0080000000116,2017.0080000000116,0,0,0.0
965,864,m5n.large, Linux/UNIX,0,202,96.9600000000001,96.9600000000001,0,0,0.0
966,127,r5n.8xlarge, Red Hat Enterprise Linux,1,202,2252.573499999996,2252.573499999996,0,0,0.0
967,783,x1e.16xlarge, Windows,0,6,1460.0179999999998,1460.0179999999998,1,1,0.0
968,849,m5n.large, Red Hat Enterprise Linux,0,202,387.8400000000004,387.8400000000004,0,0,0.0
969,129,r5.16xlarge, Red Hat Enterprise Linux,1,307,5886.29520000002,5886.29520000002,0,0,0.0
970,76,g3.16xlarge, Windows,2,406,42016.12799999993,42016.12799999993,0,0,0.0
971,777,x1e.16xlarge, SUSE Linux,0,4,577.8814,577.8814,1,1,0.0
972,133,r5n.8xlarge, Linux/UNIX,1,202,1622.3335000000034,1622.3335000000034,0,0,0.0
973,845,m5n.xlarge, Windows,1,202,1085.4672000000003,1085.4672000000003,0,0,0.0
974,136,r5n.8xlarge, Windows,0,202,8758.425999999985,8758.425999999985,0,0,0.0
975,144,m5.8xlarge, Windows,1,307,13198.282800000075,13198.282800000075,0,0,0.0
976,764,r5d.8xlarge, Linux/UNIX,2,307,2464.7980999999936,2464.7980999999936,0,0,0.0
977,850,m5n.12xlarge, Linux/UNIX,0,202,2321.707199999997,2321.707199999997,0,0,0.0
978,861,m5n.12xlarge, Windows,0,202,13026.121999999996,13026.121999999996,0,0,0.0
979,157,r5n.large, Windows,0,202,547.3991000000021,547.3991000000021,0,0,0.0
980,837,m5n.24xlarge, Windows,0,202,26052.182399999994,26052.182399999994,0,0,0.0
981,854,m5n.12xlarge, Red Hat Enterprise Linux,0,202,2951.9472000000023,2951.9472000000023,0,0,0.0
982,162,d2.2xlarge, Windows,0,406,6187.439999999941,6187.439999999941,0,0,0.0
983,752,r5d.8xlarge, Red Hat Enterprise Linux,2,307,3422.6381000000106,3422.6381000000106,0,0,0.0
984,165,d2.2xlarge, SUSE Linux,0,406,5008.415999999984,5008.415999999984,0,0,0.0
985,835,m5n.24xlarge, Red Hat Enterprise Linux,1,202,5273.654400000009,5273.654400000009,0,0,0.0
986,166,t2.large, Windows,0,407,545.0544000000018,545.0544000000018,0,0,0.0
987,40,d2.xlarge, SUSE Linux,0,406,2991.407999999987,2991.407999999987,0,0,0.0
988,36,r5.8xlarge, Windows,0,307,13310.291999999961,13310.291999999961,0,0,0.0
989,297,m1.small, SUSE Linux,1,407,336.01920000000183,336.01920000000183,0,0,0.0
990,221,i3.16xlarge, Windows,1,407,43385.548800000135,43385.548800000135,0,0,0.0
991,264,i3.large, SUSE Linux,1,407,1433.942400000005,1433.942400000005,0,0,0.0
992,918,g4dn.16xlarge, SUSE Linux,1,222,7589.136800000004,7589.136800000004,0,0,0.0
993,266,i3.large, Windows,1,407,1355.7984000000044,1355.7984000000044,0,0,0.0
994,267,i3.large, Linux/UNIX,1,407,457.1423999999989,457.1423999999989,0,0,0.0
995,654,c5d.24xlarge, Windows,0,175,22378.356999999924,22378.356999999924,0,0,0.0
996,798,c5d.metal, Windows,0,175,22378.066199999917,22378.066199999917,0,0,0.0
997,647,c5d.metal, Linux/UNIX,5,175,3831.1285000000094,3831.1285000000094,0,0,0.0
998,274,i3.metal, Red Hat Enterprise Linux,0,322,12578.09280000005,12578.09280000005,0,0,0.0
999,277,m2.4xlarge, Linux/UNIX,5,407,957.2639999999933,957.2639999999933,0,0,0.0
1000,278,m2.4xlarge, SUSE Linux,5,407,1934.063999999987,1934.063999999987,0,0,0.0
1001,280,m2.2xlarge, SUSE Linux,7,406,1451.8560000000068,1451.8560000000068,0,0,0.0
1002,109,t1.micro, Windows,1,406,19.487999999999886,19.487999999999886,0,0,0.0
1003,108,t1.micro, Linux/UNIX,1,406,19.487999999999886,19.487999999999886,0,0,0.0
1004,934,c5d.24xlarge, SUSE Linux,6,175,4252.149000000012,4252.149000000012,0,0,0.0
1005,839,i3en.6xlarge, SUSE Linux,0,357,7928.42480000002,7928.42480000002,0,0,0.0
1006,16,d2.xlarge, Windows,0,406,3293.4720000000207,3293.4720000000207,0,0,0.0
1007,938,c5d.24xlarge, Linux/UNIX,6,175,3832.149000000009,3832.149000000009,0,0,0.0
1008,292,m1.xlarge, Linux/UNIX,0,406,341.0399999999984,341.0399999999984,0,0,0.0
1009,296,g4dn.xlarge, Linux/UNIX,0,4,12.019199999999998,12.019199999999998,1,1,0.0
1010,915,a1.xlarge, Windows,0,160,830.5622999999981,830.5622999999981,0,0,0.0
1011,258,i3en.24xlarge, SUSE Linux,0,4,437.7469,437.7469,1,1,0.0
1012,257,i3en.24xlarge, Red Hat Enterprise Linux,0,322,26154.643200000162,26154.643200000162,0,0,0.0
1013,692,c5d.12xlarge, Windows,0,175,11189.142799999958,11189.142799999958,0,0,0.0
1014,700,c5d.metal, SUSE Linux,5,175,4251.1285000000125,4251.1285000000125,0,0,0.0
1015,34,d2.8xlarge, Windows,0,407,22798.511999999882,22798.511999999882,0,0,0.0
1016,233,i3.2xlarge, Windows,1,406,5409.8688000000175,5409.8688000000175,0,0,0.0
1017,30,d2.8xlarge, SUSE Linux,0,406,17110.464000000058,17110.464000000058,0,0,0.0
1018,236,t3.micro, Windows,0,407,120.14639999999909,120.14639999999909,0,0,0.0
1019,120,m5.16xlarge, Windows,0,307,26395.700199999894,26395.700199999894,0,0,0.0
1020,897,m5ad.12xlarge, SUSE Linux,0,32,725.7447000000002,725.7447000000002,1,1,0.0
1021,241,t3.medium, Linux/UNIX,0,407,122.0999999999992,122.0999999999992,0,0,0.0
1022,243,i3.xlarge, Windows,1,406,2704.9344000000087,2704.9344000000087,0,0,0.0
1023,256,i3en.24xlarge, Windows,0,357,65978.83179999981,65978.83179999981,0,0,0.0
1024,685,c5d.metal, Red Hat Enterprise Linux,5,175,4377.128500000002,4377.128500000002,0,0,0.0
1025,24,g2.8xlarge, Windows,0,320,8125.4399999999605,8125.4399999999605,0,0,0.0
1026,683,r5.16xlarge, Windows,0,307,26619.847199999826,26619.847199999826,0,0,0.0
1027,678,r5dn.12xlarge, Linux/UNIX,0,202,2435.726400000005,2435.726400000005,0,0,0.0
1028,252,t3.large, Windows,0,406,513.0548000000028,513.0548000000028,0,0,0.0
1029,22,t2.medium, Windows,0,406,310.833600000002,310.833600000002,0,0,0.0
1030,255,i3en.24xlarge, Linux/UNIX,0,4,428.14690000000013,428.14690000000013,1,1,0.0
1031,671,r5dn.12xlarge, Red Hat Enterprise Linux,0,202,3065.966400000015,3065.966400000015,0,0,0.0
1032,820,r5ad.4xlarge, SUSE Linux,0,36,356.79200000000014,356.79200000000014,1,1,0.0
