Instance, Product/Description, Days, MigrationsMin, SumStartingInstance, SumMigrations, Difference
p3.8xlarge, Red Hat Enterprise Linux, 305, 9, 48630.158200000216, 27864.451199999898, 20765.70700000032
m4.4xlarge, Windows, 387, 1, 9242.488800000085, 8268.307199999967, 974.1816000001181
f1.2xlarge, SUSE Linux, 388, 4, 6580.203499999992, 5540.64, 1039.563499999992
t3a.large, Red Hat Enterprise Linux, 304, 2, 644.2367999999966, 574.7064000000037, 69.53039999999294
f1.4xlarge, Linux/UNIX, 388, 4, 11888.80130000008, 9218.880000000065, 2669.9213000000145
m4.large, Linux/UNIX, 388, 16, 342.5068999999997, 182.83010000000033, 159.67679999999936
r5.xlarge, Windows, 387, 3, 2369.8643999999786, 2102.0099999999857, 267.8543999999929
t2.medium, SUSE Linux, 388, 5, 1061.509100000005, 1060.6368000000068, 0.8722999999981766
f1.2xlarge, Red Hat Enterprise Linux, 303, 4, 5584.563499999996, 4545.0, 1039.5634999999957
g2.2xlarge, Linux/UNIX, 302, 2, 1438.6547000000044, 1413.3600000000006, 25.294700000003786
t3a.large, Linux/UNIX, 351, 1, 190.91129999999907, 162.30239999999958, 28.608899999999494
f1.4xlarge, SUSE Linux, 388, 4, 12820.686799999981, 10150.079999999958, 2670.606800000023
f1.4xlarge, Red Hat Enterprise Linux, 303, 3, 19449.224500000048, 8144.6400000000285, 11304.584500000019
f1.2xlarge, Linux/UNIX, 388, 4, 5649.003500000027, 4609.440000000032, 1039.5634999999947
t2.medium, Red Hat Enterprise Linux, 308, 6, 608.3615999999952, 547.1615999999972, 61.199999999998
m4.large, Red Hat Enterprise Linux, 308, 16, 736.0571999999999, 589.8265999999993, 146.23060000000055
d2.xlarge, Windows, 387, 0, 3139.344000000019, 3139.344000000019, 0.0
f1.16xlarge, SUSE Linux, 387, 4, 56595.83999999965, 37709.279999999926, 18886.55999999972
f1.16xlarge, Red Hat Enterprise Linux, 304, 3, 76264.28050000004, 29840.639999999963, 46423.640500000074
g2.8xlarge, Red Hat Enterprise Linux, 304, 3, 9703.680000000018, 6649.440000000027, 3054.2399999999916
g2.8xlarge, SUSE Linux, 388, 3, 8194.610199999965, 8194.580999999964, 0.029200000000855653
m4.4xlarge, SUSE Linux, 388, 46, 3772.654800000002, 2985.8107000000036, 786.8440999999984
t2.medium, Windows, 387, 0, 296.28720000000186, 296.28720000000186, 0.0
g2.8xlarge, Linux/UNIX, 388, 3, 7263.410200000024, 7263.381000000024, 0.029199999999946158
g2.8xlarge, Windows, 301, 0, 7642.991999999965, 7642.991999999965, 0.0
g2.2xlarge, Red Hat Enterprise Linux, 218, 2, 1725.694699999998, 1700.3999999999937, 25.29470000000424
g2.2xlarge, SUSE Linux, 302, 2, 2163.454699999996, 2138.159999999991, 25.294700000004923
g2.2xlarge, Windows, 302, 2, 2261.3760000000066, 2006.2847999999929, 255.0912000000137
r5.12xlarge, SUSE Linux, 388, 23, 9688.672299999995, 7424.251000000024, 2264.421299999971
m4.large, Windows, 387, 1, 1155.4271999999935, 1033.540799999996, 121.8863999999976
d2.8xlarge, SUSE Linux, 387, 0, 16309.728000000056, 16309.728000000056, 0.0
t2.medium, Linux/UNIX, 388, 5, 130.30910000000043, 129.43680000000052, 0.8722999999999104
d2.8xlarge, Red Hat Enterprise Linux, 304, 1, 16182.527999999993, 13041.023999999916, 3141.504000000077
r4.8xlarge, Red Hat Enterprise Linux, 308, 13, 6014.8704000000125, 3420.8765000000017, 2593.993900000011
d2.8xlarge, Windows, 388, 0, 21734.207999999886, 21734.207999999886, 0.0
m4.large, SUSE Linux, 388, 15, 1273.7069000000001, 1175.4916999999991, 98.215200000001
r5.8xlarge, Windows, 288, 0, 12486.527999999966, 12486.527999999966, 0.0
r5.12xlarge, Windows, 387, 3, 28439.164800000213, 25229.782499999987, 3209.3823000002267
d2.8xlarge, Linux/UNIX, 387, 0, 15380.92800000008, 15380.92800000008, 0.0
d2.xlarge, Red Hat Enterprise Linux, 305, 1, 2349.7199999999975, 1957.0319999999879, 392.68800000000965
d2.xlarge, SUSE Linux, 387, 0, 2851.4159999999883, 2851.4159999999883, 0.0
d2.xlarge, Linux/UNIX, 387, 0, 1922.61600000001, 1922.61600000001, 0.0
m4.16xlarge, SUSE Linux, 387, 13, 12186.944599999986, 8319.373599999926, 3867.57100000006
t2.small, Linux/UNIX, 388, 16, 64.53429999999966, 64.25279999999968, 0.2814999999999799
r5.12xlarge, Red Hat Enterprise Linux, 304, 20, 7290.109000000007, 4665.485800000022, 2624.6231999999845
m4.16xlarge, Red Hat Enterprise Linux, 308, 31, 10199.671999999993, 5453.928699999971, 4745.743300000022
g3s.xlarge, Windows, 301, 0, 2954.615999999986, 2954.615999999986, 0.0
r5.large, Red Hat Enterprise Linux, 305, 73, 690.2759999999975, 595.9416999999994, 94.33429999999805
t2.small, Red Hat Enterprise Linux, 308, 16, 526.310399999999, 494.92559999999787, 31.384800000001178
m4.16xlarge, Linux/UNIX, 387, 47, 11258.144600000001, 5623.504899999987, 5634.639700000014
g4dn.12xlarge, Linux/UNIX, 203, 2, 5717.8878000000095, 5717.77920000001, 0.10859999999956926
r4.8xlarge, SUSE Linux, 388, 15, 6387.532999999996, 5036.520399999989, 1351.0126000000064
t2.micro, Windows, 387, 0, 75.2328000000005, 75.2328000000005, 0.0
m4.16xlarge, Windows, 387, 2, 36283.95160000005, 32939.248900000224, 3344.702699999827
m4.2xlarge, Linux/UNIX, 388, 44, 1427.6556000000016, 783.8483999999997, 643.8072000000019
g3.8xlarge, Windows, 301, 0, 15574.944000000065, 15574.944000000065, 0.0
t3a.2xlarge, Linux/UNIX, 351, 1, 767.9580000000033, 647.8848000000048, 120.07319999999845
r5.large, Linux/UNIX, 388, 75, 345.94449999999966, 200.80329999999955, 145.1412000000001
t3.xlarge, Windows, 387, 0, 1148.017800000004, 1148.017800000004, 0.0
m4.10xlarge, Windows, 387, 2, 23105.757599999848, 20676.45360000002, 2429.303999999829
r5.large, Windows, 388, 2, 1188.2112000000075, 1054.7184000000052, 133.49280000000226
t2.small, Windows, 388, 2, 148.53940000000046, 148.06080000000043, 0.47860000000002856
m4.10xlarge, Linux/UNIX, 387, 56, 6700.725199999997, 3772.572600000017, 2928.1525999999803
g4dn.16xlarge, Linux/UNIX, 203, 0, 6360.88319999999, 6360.88319999999, 0.0
t3.xlarge, Red Hat Enterprise Linux, 308, 15, 1186.2553000000005, 815.7496000000043, 370.5056999999962
t2.small, SUSE Linux, 388, 16, 343.90630000000226, 343.6128000000025, 0.29349999999976717
m4.10xlarge, Red Hat Enterprise Linux, 308, 53, 6735.138500000035, 4006.009400000006, 2729.1291000000288
g4dn.12xlarge, Windows, 203, 0, 16475.155200000034, 16475.155200000034, 0.0
r5.12xlarge, Linux/UNIX, 388, 30, 8656.572300000002, 4770.465900000005, 3886.106399999997
g4dn.16xlarge, Red Hat Enterprise Linux, 203, 0, 6994.243199999974, 6994.243199999974, 0.0
m3.xlarge, SUSE Linux, 388, 4, 1509.0710999999906, 1477.5576999999996, 31.513399999990952
t2.xlarge, Linux/UNIX, 388, 7, 528.5057999999977, 518.6783999999976, 9.827400000000125
m3.xlarge, Windows, 301, 6, 1970.9183000000041, 1813.176200000001, 157.74210000000312
t3.xlarge, SUSE Linux, 388, 16, 1455.0314000000049, 1446.7602000000013, 8.271200000003546
g4dn.12xlarge, Red Hat Enterprise Linux, 203, 2, 6351.247799999993, 6351.139199999992, 0.10860000000047876
m4.10xlarge, SUSE Linux, 387, 27, 7629.5251999999955, 5773.372899999989, 1856.152300000006
g3.16xlarge, Windows, 387, 3, 40049.85599999998, 40049.85599999998, 0.0
t2.micro, Linux/UNIX, 387, 4, 32.56039999999991, 32.5079999999999, 0.052400000000005775
m4.4xlarge, Linux/UNIX, 388, 76, 2841.4548000000004, 1705.7142000000017, 1135.7405999999987
t3a.2xlarge, Windows, 351, 1, 1999.8575999999919, 1887.8975999999927, 111.95999999999913
m4.2xlarge, Windows, 388, 1, 4632.719999999998, 4146.0839999999835, 486.636000000015
g3.4xlarge, Red Hat Enterprise Linux, 304, 40, 3594.3357999999976, 3454.357599999993, 139.97820000000456
g3.4xlarge, Linux/UNIX, 301, 22, 2689.266000000005, 2482.654400000012, 206.6115999999929
g3.16xlarge, Red Hat Enterprise Linux, 304, 10, 15569.664000000072, 10944.671999999986, 4624.992000000086
m4.4xlarge, Red Hat Enterprise Linux, 308, 57, 3279.031199999988, 2337.123300000002, 941.9078999999861
g3.16xlarge, Linux/UNIX, 387, 16, 12740.721200000076, 12705.984000000077, 34.737199999999575
g3.16xlarge, SUSE Linux, 387, 14, 13669.521199999994, 13634.78399999999, 34.73720000000321
t2.micro, Red Hat Enterprise Linux, 308, 2, 484.9360000000035, 469.61520000000024, 15.32080000000326
t2.micro, SUSE Linux, 387, 4, 125.4403999999995, 125.38799999999952, 0.052399999999977354
g3.8xlarge, Red Hat Enterprise Linux, 305, 20, 8286.239999999963, 5976.962200000016, 2309.277799999947
m4.2xlarge, Red Hat Enterprise Linux, 308, 26, 2162.2923000000014, 1578.9321000000007, 583.3602000000008
t3a.2xlarge, Red Hat Enterprise Linux, 304, 2, 1775.1167999999868, 1495.1735999999937, 279.9431999999931
g3.8xlarge, SUSE Linux, 301, 19, 5689.590799999972, 5663.615999999965, 25.974800000006326
g3.8xlarge, Linux/UNIX, 301, 15, 4967.190800000018, 4941.216000000024, 25.974799999993593
g3.4xlarge, SUSE Linux, 301, 28, 3411.666000000012, 3315.785000000016, 95.88099999999577
g3.4xlarge, Windows, 301, 0, 7787.4720000000325, 7787.4720000000325, 0.0
m4.2xlarge, SUSE Linux, 388, 26, 2358.8556000000017, 1917.0374999999979, 441.8181000000038
m5.24xlarge, Windows, 388, 1, 56321.76960000011, 50186.517599999985, 6135.252000000124
c5n.9xlarge, Linux/UNIX, 387, 9, 5898.2168000000065, 3493.995899999983, 2404.2209000000234
t3a.micro, Linux/UNIX, 351, 4, 24.81139999999996, 20.347200000000008, 4.464199999999952
r5.8xlarge, SUSE Linux, 288, 11, 4558.539800000002, 3751.2584999999995, 807.2813000000028
c5n.9xlarge, Red Hat Enterprise Linux, 304, 8, 5731.763100000004, 3461.8583999999855, 2269.9047000000182
t2.2xlarge, Linux/UNIX, 388, 3, 1044.4322999999965, 1037.3567999999952, 7.075500000001284
t3a.micro, Red Hat Enterprise Linux, 304, 5, 465.19789999999915, 454.9655999999976, 10.232300000001544
r4.8xlarge, Linux/UNIX, 388, 14, 5456.333000000003, 3057.4032999999986, 2398.9297000000047
t1.micro, SUSE Linux, 387, 1, 111.45599999999912, 111.45599999999912, 0.0
m5.2xlarge, Red Hat Enterprise Linux, 308, 40, 2230.153100000001, 1629.6012000000003, 600.5519000000006
t1.micro, Red Hat Enterprise Linux, 308, 1, 463.86039999999804, 458.3711999999999, 5.4891999999981635
t1.micro, Linux/UNIX, 387, 1, 18.57599999999992, 18.57599999999992, 0.0
t1.micro, Windows, 387, 1, 18.57599999999992, 18.57599999999992, 0.0
c5n.4xlarge, Windows, 388, 1, 9131.759700000002, 8215.949400000009, 915.8102999999937
m5.2xlarge, Linux/UNIX, 387, 61, 1521.4578000000006, 838.6665999999997, 682.7912000000009
r5a.12xlarge, Red Hat Enterprise Linux, 304, 3, 7113.957099999979, 4662.727200000008, 2451.2298999999703
m5.24xlarge, SUSE Linux, 388, 12, 16494.556499999926, 13165.424800000006, 3329.13169999992
t3a.medium, Windows, 351, 4, 250.19279999999802, 236.1528000000009, 14.039999999997121
t2.2xlarge, Red Hat Enterprise Linux, 308, 4, 2281.171200000004, 1790.879999999992, 490.29120000001194
c5n.large, Red Hat Enterprise Linux, 304, 12, 679.1111999999998, 578.7915999999993, 100.31960000000049
t2.2xlarge, SUSE Linux, 388, 3, 1975.6322999999977, 1968.5567999999948, 7.075500000002876
m5.24xlarge, Linux/UNIX, 388, 11, 15563.356499999969, 9258.803099999981, 6304.553399999988
m5.24xlarge, Red Hat Enterprise Linux, 308, 13, 16158.17280000006, 8403.171300000013, 7755.001500000048
m5.16xlarge, Windows, 288, 0, 24762.239999999896, 24762.239999999896, 0.0
c5n.large, Windows, 388, 2, 1158.4127999999935, 1036.8431999999957, 121.56959999999776
m5.16xlarge, SUSE Linux, 202, 1, 5497.632000000006, 4785.732000000003, 711.9000000000033
c5n.9xlarge, Windows, 388, 4, 20849.568000000167, 18928.474499999993, 1921.0935000001737
c5n.large, Linux/UNIX, 388, 13, 313.3392000000002, 180.2967999999993, 133.04240000000087
r4.4xlarge, Windows, 388, 1, 9380.90880000004, 8361.247199999922, 1019.6616000001177
t3a.nano, Linux/UNIX, 351, 35, 14.138200000000003, 10.184999999999935, 3.953200000000068
r5n.8xlarge, Red Hat Enterprise Linux, 183, 0, 2040.0839999999935, 2040.0839999999935, 0.0
m5.8xlarge, Red Hat Enterprise Linux, 288, 14, 3112.5353999999884, 3111.4480999999882, 1.0873000000001412
r5.16xlarge, Red Hat Enterprise Linux, 288, 0, 5521.996800000017, 5521.996800000017, 0.0
r5.8xlarge, Red Hat Enterprise Linux, 288, 12, 3318.2661999999973, 3232.4163999999946, 85.84980000000269
c5n.18xlarge, Windows, 387, 1, 41590.73519999982, 37208.282399999945, 4382.452799999875
m5.8xlarge, SUSE Linux, 202, 3, 2991.215999999999, 2635.7210000000027, 355.49499999999625
r5n.8xlarge, Linux/UNIX, 183, 0, 1469.124000000003, 1469.124000000003, 0.0
m5.4xlarge, Windows, 388, 1, 9387.427200000058, 8364.127199999924, 1023.3000000001339
c5n.2xlarge, Linux/UNIX, 387, 24, 1295.2508000000005, 768.6560000000009, 526.5947999999996
r5n.8xlarge, Windows, 183, 0, 7934.14799999999, 7934.14799999999, 0.0
m5.8xlarge, Linux/UNIX, 288, 14, 2213.975399999994, 2212.888099999993, 1.0873000000010506
c5n.18xlarge, Red Hat Enterprise Linux, 303, 15, 9423.78479999999, 5998.156600000025, 3425.6281999999655
c5d.xlarge, Windows, 387, 1, 2310.854399999987, 2067.081599999992, 243.7727999999952
m5.large, Windows, 387, 1, 1170.2879999999948, 1042.943999999997, 127.34399999999778
c5n.18xlarge, Linux/UNIX, 388, 17, 10858.365799999938, 6490.345299999941, 4368.020499999997
r4.4xlarge, SUSE Linux, 388, 14, 4253.351499999997, 3069.2545000000014, 1184.0969999999957
m5.large, Linux/UNIX, 388, 45, 379.9214999999999, 190.2914999999994, 189.63000000000054
m5.8xlarge, Windows, 288, 0, 12381.46560000007, 12381.46560000007, 0.0
m5.large, SUSE Linux, 388, 34, 1311.1215, 1187.1587, 123.96280000000002
m5.large, Red Hat Enterprise Linux, 308, 42, 777.8688999999995, 596.3080000000019, 181.56089999999756
m5.2xlarge, Windows, 388, 2, 4693.247999999979, 4182.890399999962, 510.35760000001665
c5n.2xlarge, Windows, 387, 4, 4620.779999999999, 4179.8537999999835, 440.92620000001534
c5n.4xlarge, Linux/UNIX, 388, 11, 3501.5551999999975, 1373.7495999999983, 2127.8055999999992
m5.4xlarge, Linux/UNIX, 388, 61, 2682.1118, 1777.4473000000005, 904.6644999999996
c5n.4xlarge, Red Hat Enterprise Linux, 303, 9, 2880.0789, 1996.7005000000045, 883.3783999999955
m5.2xlarge, SUSE Linux, 387, 27, 2450.257799999999, 1974.575200000004, 475.68259999999486
c5n.2xlarge, Red Hat Enterprise Linux, 304, 17, 1951.4573000000003, 1515.8437999999971, 435.6135000000031
t3a.micro, Windows, 351, 1, 101.08799999999924, 97.84800000000023, 3.2399999999990143
m5.4xlarge, SUSE Linux, 388, 42, 3613.311800000001, 3092.5702999999985, 520.7415000000024
m5.4xlarge, Red Hat Enterprise Linux, 308, 47, 3496.0090999999993, 2376.820399999999, 1119.1887000000002
r5n.large, Windows, 183, 0, 495.85680000000167, 495.85680000000167, 0.0
t3a.micro, SUSE Linux, 351, 7, 666.0099000000002, 639.4104000000026, 26.599499999997647
r5n.large, Linux/UNIX, 183, 0, 91.79279999999954, 91.79279999999954, 0.0
r5n.large, Red Hat Enterprise Linux, 183, 0, 355.31279999999913, 355.31279999999913, 0.0
t2.large, SUSE Linux, 388, 3, 1200.4309999999978, 1190.0735999999922, 10.357400000005555
d2.2xlarge, Windows, 387, 0, 5897.879999999946, 5897.879999999946, 0.0
t3a.large, Windows, 351, 1, 423.190099999998, 394.8048000000028, 28.385299999995198
m4.xlarge, SUSE Linux, 388, 28, 1568.2648999999997, 1425.2988999999927, 142.96600000000694
d2.2xlarge, SUSE Linux, 387, 0, 4774.031999999979, 4774.031999999979, 0.0
t2.large, Windows, 388, 0, 519.6096000000017, 519.6096000000017, 0.0
d2.4xlarge, Linux/UNIX, 388, 0, 7710.33600000004, 7710.33600000004, 0.0
d2.2xlarge, Red Hat Enterprise Linux, 304, 1, 4756.992000000018, 3971.6160000000104, 785.3760000000079
t2.large, Red Hat Enterprise Linux, 308, 5, 773.2032000000011, 650.8032000000001, 122.400000000001
m4.xlarge, Red Hat Enterprise Linux, 308, 42, 1023.1827000000012, 743.7421999999981, 279.4405000000031
d2.4xlarge, SUSE Linux, 388, 0, 8641.535999999998, 8641.535999999998, 0.0
d2.4xlarge, Windows, 388, 0, 10522.56000000004, 10522.56000000004, 0.0
m4.xlarge, Linux/UNIX, 388, 53, 637.1129999999999, 371.36170000000044, 265.7512999999995
d2.4xlarge, Red Hat Enterprise Linux, 304, 1, 8565.504000000043, 6994.752000000038, 1570.752000000005
m4.xlarge, Windows, 387, 1, 2310.854399999987, 2067.081599999992, 243.7727999999952
m5.12xlarge, Windows, 387, 1, 28088.769599999916, 25020.688799999993, 3068.0807999999233
c5n.metal, Windows, 245, 0, 24838.295999999977, 24838.295999999977, 0.0
t2.2xlarge, Windows, 388, 0, 1614.7007999999905, 1614.7007999999905, 0.0
r5.16xlarge, Linux/UNIX, 288, 0, 4623.436800000027, 4623.436800000027, 0.0
t3a.medium, Red Hat Enterprise Linux, 305, 3, 543.9738999999997, 508.0151999999968, 35.95870000000292
m5.12xlarge, SUSE Linux, 388, 39, 9972.743799999997, 7199.419800000013, 2773.3239999999832
c5n.xlarge, Linux/UNIX, 388, 11, 678.6865000000005, 360.99519999999995, 317.6913000000005
r5a.12xlarge, Linux/UNIX, 387, 15, 9126.894800000013, 4924.36720000002, 4202.527599999993
c5n.metal, Linux/UNIX, 245, 0, 5363.735999999988, 5363.735999999988, 0.0
m5.16xlarge, Red Hat Enterprise Linux, 288, 0, 5311.872000000019, 5311.872000000019, 0.0
m5.16xlarge, Linux/UNIX, 288, 0, 4413.312000000004, 4413.312000000004, 0.0
c5n.metal, Red Hat Enterprise Linux, 245, 0, 6128.13600000003, 6128.13600000003, 0.0
c5n.xlarge, Windows, 387, 1, 2310.854399999987, 2067.081599999992, 243.7727999999952
d2.2xlarge, Linux/UNIX, 387, 0, 3845.23200000002, 3845.23200000002, 0.0
t3a.medium, Linux/UNIX, 351, 2, 96.82199999999989, 81.15119999999979, 15.6708000000001
t2.large, Linux/UNIX, 388, 3, 269.2309999999997, 258.87360000000103, 10.357399999998677
m5.12xlarge, Red Hat Enterprise Linux, 308, 32, 8559.196800000018, 4969.263799999998, 3589.93300000002
c5n.xlarge, Red Hat Enterprise Linux, 304, 6, 1056.3223999999998, 719.0242999999974, 337.29810000000236
m5.12xlarge, Linux/UNIX, 388, 33, 9041.543800000003, 4973.035299999997, 4068.5085000000063
t3.large, SUSE Linux, 387, 26, 1090.1877, 1079.3303000000008, 10.857399999999188
t3.micro, Red Hat Enterprise Linux, 308, 2, 480.4894000000006, 466.6368000000026, 13.852599999998006
i3.4xlarge, SUSE Linux, 388, 13, 5384.482800000003, 4419.5360000000055, 964.9467999999979
i3.4xlarge, Windows, 387, 1, 10313.395200000023, 10313.395200000023, 0.0
r5.metal, Red Hat Enterprise Linux, 304, 14, 8950.163999999953, 5895.881300000019, 3054.2826999999343
r4.large, Red Hat Enterprise Linux, 308, 9, 763.2190999999985, 595.9474999999991, 167.27159999999947
i3.8xlarge, Linux/UNIX, 388, 23, 15471.596100000059, 7031.551399999984, 8440.044700000075
i3en.large, Red Hat Enterprise Linux, 303, 2, 929.408999999996, 929.3615999999959, 0.04740000000015243
r5.metal, Windows, 387, 3, 51604.12799999969, 47328.94560000032, 4275.182399999372
t3.large, Red Hat Enterprise Linux, 307, 24, 742.4378999999986, 627.8038999999998, 114.63399999999888
i3en.metal, Linux/UNIX, 207, 1, 48069.305300000065, 16181.683200000067, 31887.6221
t3.micro, SUSE Linux, 388, 5, 758.7671999999927, 738.2319999999934, 20.53519999999935
r4.large, Linux/UNIX, 388, 7, 411.2464999999999, 189.60109999999935, 221.64540000000056
i3.4xlarge, Linux/UNIX, 388, 17, 4453.282799999997, 3488.335999999992, 964.9468000000052
i3.4xlarge, Red Hat Enterprise Linux, 308, 17, 5848.646100000043, 3763.8483999999885, 2084.797700000054
i3en.metal, Red Hat Enterprise Linux, 207, 1, 48715.14530000015, 16827.523199999978, 31887.62210000017
i3en.large, Windows, 338, 2, 1342.3312999999964, 1296.297599999997, 46.0336999999995
i3.8xlarge, SUSE Linux, 388, 22, 16402.796099999974, 7962.75139999993, 8440.044700000044
i3en.large, Linux/UNIX, 338, 3, 595.4025000000024, 549.9936000000021, 45.40890000000036
t3.micro, Linux/UNIX, 388, 0, 28.867200000000178, 28.867200000000178, 0.0
i3en.6xlarge, Windows, 338, 0, 15555.571199999953, 15555.571199999953, 0.0
i3.8xlarge, Windows, 388, 1, 20680.089600000047, 20680.089600000047, 0.0
i3.8xlarge, Red Hat Enterprise Linux, 308, 24, 11391.737900000031, 6564.44139999997, 4827.296500000061
i3.16xlarge, SUSE Linux, 388, 32, 15035.184599999935, 14876.851199999872, 158.3334000000632
i3en.xlarge, Red Hat Enterprise Linux, 303, 16, 1471.4066000000041, 1422.403200000003, 49.00340000000119
t3.nano, Linux/UNIX, 387, 1, 14.860799999999912, 14.860799999999912, 0.0
i3.16xlarge, Windows, 388, 1, 41360.17920000009, 41360.17920000009, 0.0
r4.xlarge, Red Hat Enterprise Linux, 308, 9, 1079.746599999997, 788.9974999999994, 290.7490999999976
t3.2xlarge, Windows, 387, 2, 2296.0352000000075, 2296.0348000000076, 0.0003999999998995918
i3.2xlarge, Linux/UNIX, 388, 31, 2108.7463, 1743.7428999999959, 365.0034000000039
i3en.xlarge, Linux/UNIX, 338, 16, 1148.990600000004, 1099.9872000000041, 49.00339999999983
r5.metal, Linux/UNIX, 387, 24, 10679.478000000003, 6332.0118000000475, 4347.466199999955
i3.16xlarge, Red Hat Enterprise Linux, 308, 30, 20624.56230000007, 12158.169600000041, 8466.39270000003
t3.nano, Red Hat Enterprise Linux, 308, 3, 462.0, 455.44320000000215, 6.55679999999785
i3.16xlarge, Linux/UNIX, 388, 32, 14103.984599999976, 13945.651199999968, 158.33340000000862
r5.xlarge, Red Hat Enterprise Linux, 305, 103, 972.7879999999983, 759.0399999999996, 213.74799999999868
i3en.metal, SUSE Linux, 207, 4, 48668.85529999993, 16778.28319999998, 31890.57209999995
t3.large, Linux/UNIX, 387, 23, 235.8687000000001, 232.67509999999933, 3.193600000000771
i3.2xlarge, Windows, 387, 1, 5156.697600000011, 5156.697600000011, 0.0
r5.xlarge, Linux/UNIX, 388, 107, 695.7151000000005, 405.15759999999904, 290.5575000000014
i3.2xlarge, SUSE Linux, 388, 24, 3039.9463000000032, 2674.9429000000173, 365.00339999998596
t3.micro, Windows, 388, 0, 114.53759999999919, 114.53759999999919, 0.0
i3en.metal, Windows, 207, 1, 69983.6660999998, 38120.3711999999, 31863.2948999999
i3.2xlarge, Red Hat Enterprise Linux, 308, 23, 3404.7485000000133, 2358.912200000009, 1045.8363000000045
i3en.12xlarge, Linux/UNIX, 338, 1, 13235.664899999974, 13199.846399999968, 35.81850000000668
i3en.3xlarge, Linux/UNIX, 338, 6, 3423.1370999999936, 3299.961599999992, 123.17550000000165
t3.medium, Linux/UNIX, 388, 0, 116.39999999999925, 116.39999999999925, 0.0
t3.medium, Red Hat Enterprise Linux, 307, 2, 590.9136000000012, 534.8136000000019, 56.09999999999934
i3.xlarge, Windows, 387, 1, 2578.3488000000057, 2578.3488000000057, 0.0
i3en.3xlarge, Red Hat Enterprise Linux, 303, 5, 4383.505000000032, 3903.6096000000293, 479.8954000000026
i3en.2xlarge, Windows, 338, 0, 5185.190399999988, 5185.190399999988, 0.0
i3en.12xlarge, Red Hat Enterprise Linux, 303, 1, 12814.176900000048, 12778.35840000005, 35.818499999997584
r4.large, Windows, 388, 1, 1172.380800000006, 1045.036800000006, 127.34400000000005
r4.large, SUSE Linux, 388, 9, 1342.4184999999993, 1185.205300000004, 157.21319999999537
i3.xlarge, SUSE Linux, 388, 22, 1927.3122999999991, 1820.0976000000128, 107.21469999998635
t3.medium, SUSE Linux, 388, 5, 973.5630000000046, 965.2786000000038, 8.284400000000801
i3.xlarge, Red Hat Enterprise Linux, 308, 8, 1665.4432999999926, 1142.4592000000075, 522.9840999999851
t3.large, Windows, 387, 0, 489.02360000000306, 489.02360000000306, 0.0
i3en.3xlarge, Windows, 338, 2, 7874.661799999975, 7777.7855999999765, 96.87619999999879
r4.xlarge, Linux/UNIX, 388, 18, 820.0306999999996, 386.8778999999994, 433.1528000000002
i3en.24xlarge, Linux/UNIX, 338, 0, 26399.692799999935, 26399.692799999935, 0.0
i3en.24xlarge, Windows, 338, 0, 62222.28479999981, 62222.28479999981, 0.0
i3en.24xlarge, Red Hat Enterprise Linux, 303, 0, 24611.35680000013, 24611.35680000013, 0.0
i3en.24xlarge, SUSE Linux, 338, 0, 27310.742800000175, 27310.742800000175, 0.0
i3en.2xlarge, Red Hat Enterprise Linux, 303, 11, 2930.5004999999896, 2917.5263999999897, 12.974099999999908
i3en.2xlarge, Linux/UNIX, 338, 11, 2212.948500000007, 2199.9744000000082, 12.974099999998543
i3en.12xlarge, Windows, 338, 0, 31111.142399999906, 31111.142399999906, 0.0
r5.metal, SUSE Linux, 387, 10, 11709.12799999996, 9490.93569999999, 2218.1922999999697
i3.large, Red Hat Enterprise Linux, 308, 3, 1054.423499999996, 793.4328000000048, 260.9906999999912
i3.large, SUSE Linux, 388, 1, 1367.001600000003, 1367.001600000003, 0.0
t3.medium, Windows, 388, 0, 287.74080000000157, 287.74080000000157, 0.0
i3.large, Windows, 388, 1, 1292.505600000003, 1292.505600000003, 0.0
i3.large, Linux/UNIX, 388, 1, 435.801599999999, 435.801599999999, 0.0
i3en.6xlarge, Red Hat Enterprise Linux, 303, 0, 6861.859199999965, 6861.859199999965, 0.0
i3.metal, Windows, 388, 2, 42072.07630000012, 41360.17920000009, 711.8971000000238
i3.xlarge, Linux/UNIX, 388, 5, 996.1123000000005, 871.603199999998, 124.50910000000249
i3.metal, SUSE Linux, 388, 2, 15507.616699999864, 14876.851199999872, 630.7654999999922
i3en.6xlarge, Linux/UNIX, 338, 0, 6599.923199999984, 6599.923199999984, 0.0
i3.metal, Linux/UNIX, 388, 2, 14576.416699999969, 13945.651199999968, 630.7655000000013
i3.metal, Red Hat Enterprise Linux, 303, 0, 11835.907200000036, 11835.907200000036, 0.0
m2.4xlarge, Red Hat Enterprise Linux, 308, 7, 6543.449400000007, 1688.848799999995, 4854.600600000012
r4.xlarge, Windows, 387, 1, 2339.647199999986, 2084.049600000012, 255.59759999997368
m2.4xlarge, Linux/UNIX, 388, 5, 912.5759999999935, 912.5759999999935, 0.0
m2.4xlarge, SUSE Linux, 388, 5, 1843.7759999999876, 1843.7759999999876, 0.0
r4.8xlarge, Windows, 387, 1, 18714.391199999878, 16673.24879999995, 2041.1423999999279
m2.2xlarge, SUSE Linux, 387, 7, 1383.9120000000064, 1383.9120000000064, 0.0
t3.2xlarge, Red Hat Enterprise Linux, 308, 5, 2151.4925999999928, 1706.2512000000113, 445.24139999998147
m2.2xlarge, Windows, 387, 1, 2253.074000000021, 1750.2359999999999, 502.8380000000211
t3.small, SUSE Linux, 388, 6, 850.7214999999991, 835.5144999999985, 15.207000000000562
m2.4xlarge, Windows, 388, 1, 4517.070600000043, 3511.656, 1005.4146000000428
g4dn.4xlarge, Windows, 203, 0, 5345.5584000000135, 5345.5584000000135, 0.0
m2.xlarge, SUSE Linux, 388, 0, 1159.344000000012, 1159.344000000012, 0.0
m2.xlarge, Red Hat Enterprise Linux, 308, 1, 682.281599999997, 625.3728000000033, 56.908799999993676
t3.small, Windows, 388, 2, 229.55279999999757, 229.55219999999758, 0.0005999999999914962
m2.xlarge, Windows, 387, 2, 1126.4405000000106, 874.924799999995, 251.5157000000156
m2.xlarge, Linux/UNIX, 388, 0, 228.14399999999839, 228.14399999999839, 0.0
m2.2xlarge, Red Hat Enterprise Linux, 307, 7, 1429.7028000000053, 804.4727999999976, 625.2300000000076
m1.xlarge, Linux/UNIX, 387, 0, 325.07999999999885, 325.07999999999885, 0.0
t3.small, Red Hat Enterprise Linux, 307, 2, 516.4967999999961, 488.35629999999804, 28.1404999999981
m1.small, Windows, 388, 1, 329.64480000000196, 305.1503999999997, 24.49440000000226
m1.xlarge, Red Hat Enterprise Linux, 308, 2, 788.7263999999942, 703.6439999999948, 85.08239999999944
g4dn.xlarge, Linux/UNIX, 203, 28, 928.9830999999994, 771.1879999999987, 157.79510000000062
m1.small, SUSE Linux, 388, 1, 320.3328000000016, 320.3328000000016, 0.0
g4dn.xlarge, Red Hat Enterprise Linux, 203, 28, 1221.3031000000015, 1063.5080000000025, 157.7950999999989
m2.2xlarge, Linux/UNIX, 387, 7, 455.1119999999968, 455.1119999999968, 0.0
m1.xlarge, SUSE Linux, 387, 0, 1253.8800000000028, 1253.8800000000028, 0.0
m1.xlarge, Windows, 387, 17, 2372.9944999999807, 2230.5326999999984, 142.4617999999823
g4dn.8xlarge, Windows, 203, 0, 10352.025599999992, 10352.025599999992, 0.0
m3.medium, Red Hat Enterprise Linux, 308, 3, 513.7440000000016, 493.3151999999985, 20.428800000003093
m3.medium, Linux/UNIX, 301, 0, 48.40080000000002, 48.40080000000002, 0.0
t2.xlarge, Red Hat Enterprise Linux, 308, 9, 1103.6256000000042, 858.825599999996, 244.80000000000814
g4dn.16xlarge, Windows, 203, 0, 20704.051199999984, 20704.051199999984, 0.0
m3.large, SUSE Linux, 302, 1, 948.0512999999951, 937.490400000004, 10.56089999999108
t3.xlarge, Linux/UNIX, 388, 15, 473.9064000000029, 465.6232000000048, 8.283199999998146
t2.xlarge, SUSE Linux, 388, 7, 1459.705799999996, 1449.878399999992, 9.82740000000399
m3.medium, SUSE Linux, 301, 0, 770.8007999999944, 770.8007999999944, 0.0
g4dn.2xlarge, Linux/UNIX, 203, 9, 1128.9864999999972, 1099.9038999999984, 29.08259999999882
m3.large, Windows, 302, 5, 992.411999999999, 910.1475000000003, 82.26449999999875
m3.xlarge, Linux/UNIX, 388, 4, 577.8711000000013, 546.357700000002, 31.513399999999365
m3.xlarge, Red Hat Enterprise Linux, 308, 4, 1027.5291999999997, 878.6592000000032, 148.86999999999648
m3.medium, Windows, 301, 8, 439.8522999999995, 403.746800000002, 36.105499999997505
m3.2xlarge, Red Hat Enterprise Linux, 308, 14, 2109.6768000000025, 1834.386400000007, 275.29039999999554
t2.xlarge, Windows, 388, 0, 900.4703999999956, 900.4703999999956, 0.0
g4dn.4xlarge, Linux/UNIX, 203, 21, 1767.9626999999944, 1759.7663999999945, 8.196299999999837
m3.2xlarge, SUSE Linux, 302, 19, 1755.0152000000007, 1580.0223000000017, 174.99289999999905
g4dn.2xlarge, Windows, 203, 0, 2892.0191999999993, 2892.0191999999993, 0.0
t3.2xlarge, Linux/UNIX, 388, 4, 947.3059000000062, 931.2456000000095, 16.060299999996687
g4dn.4xlarge, Red Hat Enterprise Linux, 203, 21, 2401.3226999999965, 2393.1263999999987, 8.196299999997791
m3.2xlarge, Linux/UNIX, 302, 19, 1030.2151999999996, 855.2223000000015, 174.99289999999814
m3.large, Red Hat Enterprise Linux, 308, 4, 862.5286000000053, 661.0943999999963, 201.434200000009
m3.large, Linux/UNIX, 302, 1, 223.25130000000104, 212.69040000000084, 10.560900000000203
g4dn.2xlarge, Red Hat Enterprise Linux, 203, 9, 1762.346500000001, 1733.2639000000008, 29.082600000000184
m3.2xlarge, Windows, 302, 5, 3933.339500000008, 3635.110100000019, 298.2293999999888
g4dn.2xlarge, SUSE Linux, 203, 11, 1861.3953, 1687.6539, 173.74139999999989
i2.4xlarge, Windows, 387, 1, 14753.387899999889, 11797.936800000034, 2955.4510999998547
inf1.xlarge, Linux/UNIX, 129, 1, 341.79840000000047, 341.79840000000047, 0.0
inf1.6xlarge, SUSE Linux, 129, 5, 5338.422800000007, 2177.7852, 3160.637600000007
i2.8xlarge, Linux/UNIX, 387, 9, 19514.437599999892, 19003.247999999876, 511.18960000001607
inf1.6xlarge, Red Hat Enterprise Linux, 129, 3, 5390.902799999989, 2170.9152000000013, 3219.9875999999877
inf1.6xlarge, Linux/UNIX, 129, 3, 4988.422799999991, 1768.4351999999933, 3219.9875999999977
inf1.xlarge, Red Hat Enterprise Linux, 129, 1, 527.5584000000009, 527.5584000000009, 0.0
i2.4xlarge, SUSE Linux, 387, 8, 11364.410699999993, 10430.423999999994, 933.9866999999995
r4.xlarge, SUSE Linux, 388, 27, 1751.2306999999992, 1447.0905999999957, 304.1401000000035
inf1.2xlarge, SUSE Linux, 129, 1, 872.519199999999, 872.519199999999, 0.0
t3.nano, SUSE Linux, 387, 6, 741.8608000000023, 721.1800000000025, 20.680799999999863
i2.8xlarge, Red Hat Enterprise Linux, 304, 8, 18765.311999999863, 15885.60000000004, 2879.711999999823
i2.8xlarge, SUSE Linux, 387, 8, 20443.237600000153, 19932.048000000173, 511.1895999999797
i3en.xlarge, Windows, 338, 0, 2592.595199999994, 2592.595199999994, 0.0
r5.xlarge, SUSE Linux, 388, 66, 1677.2651000000014, 1522.1782000000042, 155.08689999999729
inf1.2xlarge, Red Hat Enterprise Linux, 129, 1, 944.8991999999985, 944.8991999999985, 0.0
inf1.2xlarge, Linux/UNIX, 129, 1, 542.4191999999985, 542.4191999999985, 0.0
t3.nano, Windows, 387, 1, 57.585600000000355, 57.585600000000355, 0.0
i2.4xlarge, Linux/UNIX, 387, 8, 10435.610699999957, 9501.623999999938, 933.9867000000195
m1.large, Linux/UNIX, 388, 12, 167.2922999999998, 162.9599999999994, 4.3323000000004015
i2.2xlarge, Windows, 388, 1, 7007.280000000054, 5921.36160000002, 1085.9184000000341
i2.4xlarge, Red Hat Enterprise Linux, 304, 7, 10003.214300000027, 8417.039999999943, 1586.1743000000843
inf1.xlarge, SUSE Linux, 129, 1, 661.6483999999998, 661.6483999999998, 0.0
i2.xlarge, SUSE Linux, 388, 2, 3322.4083000000055, 3314.1408000000056, 8.267499999999927
i2.xlarge, Red Hat Enterprise Linux, 305, 4, 2713.9393000000086, 2315.213699999995, 398.72560000001386
i2.xlarge, Windows, 388, 1, 3509.51420000001, 2959.16880000001, 550.3454000000002
i2.8xlarge, Windows, 387, 9, 28509.99119999978, 24078.62029999998, 4431.370899999798
i2.xlarge, Linux/UNIX, 388, 2, 2391.208299999987, 2382.9407999999867, 8.267500000000382
m1.medium, Red Hat Enterprise Linux, 308, 2, 530.0063999999999, 508.19039999999853, 21.81600000000134
t3.small, Linux/UNIX, 388, 0, 58.21150000000017, 58.21150000000017, 0.0
m1.medium, SUSE Linux, 387, 0, 1009.6055999999926, 1009.6055999999926, 0.0
m1.medium, Linux/UNIX, 387, 0, 80.8055999999992, 80.8055999999992, 0.0
h1.4xlarge, Red Hat Enterprise Linux, 217, 12, 2370.6075, 2274.4726000000037, 96.13489999999638
h1.2xlarge, SUSE Linux, 301, 5, 1860.4622000000088, 1853.7243000000062, 6.737900000002583
h1.2xlarge, Windows, 301, 3, 3789.8357999999776, 3789.711599999978, 0.12419999999974607
h1.16xlarge, Windows, 301, 2, 30317.69079999982, 30317.58449999982, 0.10629999999946449
h1.4xlarge, Linux/UNIX, 302, 14, 2370.576399999997, 2270.632600000001, 99.94379999999637
m1.small, Red Hat Enterprise Linux, 308, 2, 486.3936000000033, 476.21279999999734, 10.180800000005945
g4dn.xlarge, Windows, 203, 0, 1665.249599999996, 1665.249599999996, 0.0
m1.small, Linux/UNIX, 388, 1, 40.97280000000013, 40.97280000000013, 0.0
h1.16xlarge, SUSE Linux, 301, 10, 9951.337399999966, 9772.467699999945, 178.8697000000211
h1.16xlarge, Red Hat Enterprise Linux, 217, 10, 7244.8574, 7065.98769999999, 178.8697000000102
m1.medium, Windows, 387, 5, 595.5989000000023, 554.8375000000005, 40.7614000000018
h1.16xlarge, Linux/UNIX, 301, 10, 9228.9374, 9050.067700000003, 178.86969999999747
h1.4xlarge, SUSE Linux, 302, 14, 3095.3764, 2995.4326000000033, 99.94379999999683
i2.2xlarge, Red Hat Enterprise Linux, 304, 1, 5402.687999999986, 4682.76000000001, 719.9279999999753
m1.large, Red Hat Enterprise Linux, 308, 14, 615.7535999999955, 573.5760000000013, 42.177599999994186
i2.2xlarge, SUSE Linux, 388, 0, 5694.288000000029, 5694.288000000029, 0.0
i2.2xlarge, Linux/UNIX, 388, 0, 4763.087999999969, 4763.087999999969, 0.0
t3.2xlarge, SUSE Linux, 388, 4, 1978.655900000003, 1962.595600000008, 16.060299999994868
m1.large, SUSE Linux, 388, 12, 1098.4923000000038, 1094.1600000000064, 4.3322999999973035
h1.8xlarge, Red Hat Enterprise Linux, 217, 2, 3871.7805999999873, 3871.7672999999872, 0.013300000000072032
h1.8xlarge, Linux/UNIX, 302, 2, 4541.1406000000015, 4541.127300000002, 0.013299999999617285
m1.large, Windows, 388, 6, 1191.8775999999918, 1115.784199999997, 76.09339999999474
h1.4xlarge, Windows, 302, 2, 7604.995999999955, 7604.994799999955, 0.0011999999996987754
h1.8xlarge, SUSE Linux, 302, 2, 5265.940599999954, 5265.927299999955, 0.013299999999617285
h1.8xlarge, Windows, 302, 17, 15209.89729999991, 15209.89729999991, 0.0
r3.8xlarge, Windows, 302, 2, 9835.536000000004, 7920.028799999984, 1915.50720000002
m5d.4xlarge, SUSE Linux, 388, 45, 4021.0942000000014, 3082.7836000000093, 938.3105999999921
m5d.4xlarge, Red Hat Enterprise Linux, 304, 40, 2892.6527000000046, 2379.6464999999976, 513.0062000000071
c5.12xlarge, Red Hat Enterprise Linux, 297, 66, 5596.9055999999755, 4605.835700000004, 991.0698999999713
x1e.xlarge, Windows, 388, 4, 4060.6356999999857, 4043.2703999999844, 17.365300000001298
r5d.12xlarge, Windows, 388, 3, 28535.373600000064, 25317.92560000004, 3217.448000000026
m5d.4xlarge, Linux/UNIX, 388, 49, 3089.8942000000025, 1768.0687000000019, 1321.8255000000006
c5.12xlarge, SUSE Linux, 297, 52, 6716.417999999989, 5046.204700000005, 1670.213299999984
x1e.xlarge, SUSE Linux, 388, 16, 3286.6452999999765, 3261.0623999999752, 25.582900000001246
c4.xlarge, Windows, 388, 1, 2287.9583999999954, 2056.0103999999837, 231.9480000000117
m5d.4xlarge, Windows, 387, 1, 9363.232800000058, 8339.932799999926, 1023.3000000001321
c5.12xlarge, Linux/UNIX, 297, 66, 4670.26559999999, 3679.19569999999, 991.0698999999995
z1d.12xlarge, Linux/UNIX, 388, 5, 16183.731699999817, 13145.5871999999, 3038.1444999999167
c5.18xlarge, Red Hat Enterprise Linux, 308, 132, 11816.11199999992, 7047.776399999987, 4768.335599999932
r3.large, Linux/UNIX, 302, 24, 234.11040000000148, 140.79220000000015, 93.31820000000133
x1e.xlarge, Linux/UNIX, 388, 16, 2355.445300000001, 2329.8623999999986, 25.58290000000261
m5d.2xlarge, Red Hat Enterprise Linux, 305, 40, 2008.2860000000003, 1561.0135000000002, 447.27250000000004
c5.18xlarge, Linux/UNIX, 387, 138, 11286.293999999976, 7907.794999999985, 3378.4989999999916
m5d.2xlarge, SUSE Linux, 388, 42, 2247.5943999999977, 1964.8294000000003, 282.76499999999737
x1e.xlarge, Red Hat Enterprise Linux, 304, 5, 2269.946500000003, 2263.277700000003, 6.668800000000374
r5.4xlarge, Windows, 387, 1, 9479.41440000002, 8410.239299999976, 1069.175100000044
r5d.24xlarge, Linux/UNIX, 388, 8, 16047.420900000046, 9513.14960000003, 6534.271300000017
x1e.8xlarge, Windows, 388, 10, 32346.163199999875, 32346.163199999875, 0.0
c5.18xlarge, SUSE Linux, 387, 91, 12215.094000000034, 10001.411499999991, 2213.6825000000426
m5d.2xlarge, Linux/UNIX, 388, 42, 1316.3944000000006, 774.7697000000023, 541.6246999999983
m5d.2xlarge, Windows, 388, 1, 4693.247999999979, 4182.052799999962, 511.1952000000165
c5.12xlarge, Windows, 297, 1, 20408.889599999933, 19233.403199999848, 1175.4864000000853
r5a.2xlarge, Windows, 387, 3, 4741.524000000008, 4205.769600000021, 535.7543999999871
r5.24xlarge, SUSE Linux, 388, 7, 17777.402799999985, 13766.624399999964, 4010.778400000021
c4.large, Linux/UNIX, 387, 6, 325.7827999999982, 175.81509999999938, 149.9676999999988
r5d.12xlarge, Linux/UNIX, 388, 3, 8326.821999999996, 4757.029599999961, 3569.7924000000357
r5.24xlarge, Windows, 388, 4, 57026.32799999969, 50622.492399999916, 6403.835599999773
m5d.large, Linux/UNIX, 388, 2, 317.23860000000013, 189.51359999999903, 127.7250000000011
z1d.2xlarge, Linux/UNIX, 388, 10, 2328.122100000007, 2078.438400000007, 249.68370000000004
c4.large, Red Hat Enterprise Linux, 308, 8, 730.3296000000022, 586.0398999999998, 144.28970000000243
r3.8xlarge, SUSE Linux, 388, 43, 6008.394300000001, 4824.470300000002, 1183.923999999999
r5ad.xlarge, Windows, 381, 10, 2496.548099999978, 2171.194300000005, 325.35379999997303
z1d.2xlarge, Red Hat Enterprise Linux, 304, 5, 3120.0476999999905, 2578.099199999986, 541.9485000000045
m5d.8xlarge, Windows, 288, 0, 12381.46560000007, 12381.46560000007, 0.0
c4.large, SUSE Linux, 387, 6, 1254.6604000000048, 1162.8448000000026, 91.81560000000218
z1d.12xlarge, Windows, 388, 4, 36754.3464999998, 33706.483199999835, 3047.863299999968
r5.4xlarge, SUSE Linux, 388, 15, 4428.150299999999, 3243.697299999998, 1184.4530000000013
c4.8xlarge, Windows, 388, 2, 18563.471999999903, 16713.621599999937, 1849.8503999999666
m5d.large, Red Hat Enterprise Linux, 304, 2, 676.3391999999982, 585.4295999999998, 90.90959999999836
c4.8xlarge, SUSE Linux, 388, 37, 6030.760700000001, 4634.521700000004, 1396.2389999999968
m5d.8xlarge, SUSE Linux, 202, 6, 3439.404499999999, 2635.3560000000034, 804.0484999999958
m5d.8xlarge, Red Hat Enterprise Linux, 288, 4, 3107.814299999989, 3106.1966999999904, 1.6175999999986743
r5d.12xlarge, Red Hat Enterprise Linux, 304, 4, 6947.251199999973, 4661.476000000016, 2285.7751999999573
c4.xlarge, Red Hat Enterprise Linux, 308, 24, 1017.8784000000002, 725.6955000000002, 292.1829
m5d.8xlarge, Linux/UNIX, 288, 4, 2209.254299999993, 2207.636699999992, 1.617600000000948
c4.xlarge, Linux/UNIX, 388, 28, 622.3010999999995, 352.0651999999989, 270.2359000000005
z1d.12xlarge, Red Hat Enterprise Linux, 304, 0, 10719.283200000003, 10719.283200000003, 0.0
c4.xlarge, SUSE Linux, 388, 19, 1553.5010999999986, 1398.0383000000052, 155.46279999999342
c4.large, Windows, 387, 2, 1140.5663999999954, 1025.275199999992, 115.2912000000033
c5.2xlarge, Windows, 387, 1, 4620.779999999999, 4134.143999999983, 486.6360000000159
x1e.32xlarge, Red Hat Enterprise Linux, 304, 5, 86571.20469999975, 59449.57440000012, 27121.630299999633
c5.4xlarge, Linux/UNIX, 388, 38, 2821.6302999999984, 1475.3833000000004, 1346.246999999998
r5.24xlarge, Linux/UNIX, 388, 12, 16745.502800000057, 9506.421100000014, 7239.0817000000425
m5d.16xlarge, Linux/UNIX, 288, 0, 4413.312000000004, 4413.312000000004, 0.0
r5d.2xlarge, Windows, 387, 4, 4743.792500000016, 4207.970400000023, 535.822099999993
x1e.32xlarge, Linux/UNIX, 388, 8, 93035.18330000034, 78368.42590000007, 14666.757400000264
r5d.2xlarge, Red Hat Enterprise Linux, 304, 16, 2120.8035000000023, 1628.3095999999991, 492.4939000000031
x1e.4xlarge, Linux/UNIX, 387, 4, 9357.537699999999, 9295.430399999994, 62.107300000005125
r3.large, SUSE Linux, 302, 12, 958.9104000000036, 926.3189999999984, 32.59140000000525
r5.24xlarge, Red Hat Enterprise Linux, 304, 4, 13524.419800000056, 8346.600599999945, 5177.819200000111
c5.2xlarge, SUSE Linux, 387, 49, 2217.3188, 1908.9216999999985, 308.3971000000015
x1e.32xlarge, Windows, 388, 8, 147997.59179999935, 133181.22439999945, 14816.367399999901
m5d.16xlarge, Red Hat Enterprise Linux, 288, 0, 5311.872000000019, 5311.872000000019, 0.0
x1e.4xlarge, Red Hat Enterprise Linux, 304, 5, 13439.059399999998, 8261.116799999949, 5177.942600000049
x1e.32xlarge, SUSE Linux, 388, 8, 93966.38329999977, 79299.62589999975, 14666.757400000017
c5.2xlarge, Red Hat Enterprise Linux, 308, 76, 2217.221999999999, 1561.0850999999986, 656.1369000000002
c5.4xlarge, Red Hat Enterprise Linux, 308, 36, 3372.9695999999935, 2141.5820000000012, 1231.3875999999923
c5.4xlarge, Windows, 388, 2, 9266.371200000085, 8294.104799999966, 972.2664000001187
x1e.2xlarge, SUSE Linux, 387, 4, 5920.703199999986, 5576.515199999985, 344.188000000001
r3.large, Windows, 302, 2, 998.2760000000059, 841.8528000000013, 156.4232000000046
x1e.2xlarge, Red Hat Enterprise Linux, 304, 4, 4943.586400000029, 4599.398400000033, 344.18799999999646
m5d.12xlarge, SUSE Linux, 387, 18, 8919.304000000007, 7088.136200000007, 1831.1678000000002
c5.9xlarge, Linux/UNIX, 387, 117, 5731.703600000007, 3506.9621000000006, 2224.7415000000065
c5.4xlarge, SUSE Linux, 388, 32, 3752.8302999999983, 2903.0217000000007, 849.8085999999976
m5d.12xlarge, Windows, 387, 1, 28088.769599999916, 25020.688799999993, 3068.0807999999233
x1e.2xlarge, Windows, 387, 4, 8375.167599999973, 8065.699199999969, 309.4684000000043
m5d.24xlarge, Windows, 387, 2, 56176.61040000011, 50053.420799999985, 6123.189600000122
c5.24xlarge, Linux/UNIX, 297, 86, 9340.53119999998, 7591.494000000008, 1749.0371999999716
r5d.24xlarge, Red Hat Enterprise Linux, 304, 10, 12946.022400000062, 8371.013600000022, 4575.00880000004
x1e.8xlarge, Red Hat Enterprise Linux, 304, 9, 22118.553599999963, 15573.75360000005, 6544.799999999914
r3.large, Red Hat Enterprise Linux, 308, 37, 744.3743999999989, 588.1351000000009, 156.23929999999802
c5.18xlarge, Windows, 387, 1, 41590.73519999982, 37208.282399999945, 4382.452799999875
m5d.24xlarge, SUSE Linux, 387, 23, 16110.440499999948, 13234.972600000016, 2875.4678999999323
c5.24xlarge, Red Hat Enterprise Linux, 297, 86, 10267.171200000012, 8518.134000000002, 1749.0372000000098
x1e.8xlarge, SUSE Linux, 388, 10, 19570.099199999797, 19570.099199999797, 0.0
m5d.16xlarge, SUSE Linux, 202, 3, 5772.521900000011, 4785.732000000003, 986.789900000008
c5.2xlarge, Linux/UNIX, 387, 80, 1288.5188000000007, 740.3825999999995, 548.1362000000013
r5d.2xlarge, Linux/UNIX, 388, 17, 1673.4772999999993, 855.8935999999986, 817.5837000000007
x1e.8xlarge, Linux/UNIX, 388, 10, 18638.89919999999, 18638.89919999999, 0.0
m5d.16xlarge, Windows, 288, 0, 24762.239999999896, 24762.239999999896, 0.0
x1e.4xlarge, Windows, 387, 4, 16186.259899999943, 16131.398399999938, 54.861500000004526
c5.24xlarge, Windows, 297, 1, 40817.779199999866, 38466.806399999696, 2350.9728000001705
r5d.24xlarge, Windows, 388, 3, 59536.04140000059, 50634.94159999975, 8901.09980000084
m5d.24xlarge, Linux/UNIX, 387, 21, 15181.640499999936, 9164.621999999961, 6017.018499999975
x1e.4xlarge, SUSE Linux, 387, 4, 10286.33770000005, 10224.230400000051, 62.10729999999785
m5d.24xlarge, Red Hat Enterprise Linux, 304, 16, 12400.281599999968, 8139.468000000004, 4260.813599999963
c5.24xlarge, SUSE Linux, 297, 65, 11373.425999999987, 9607.915199999996, 1765.510799999991
r3.2xlarge, Windows, 302, 5, 3646.71969999998, 3271.899299999984, 374.82039999999597
c1.xlarge, Windows, 388, 4, 3461.242499999994, 2872.916200000023, 588.3262999999711
r5ad.2xlarge, Red Hat Enterprise Linux, 304, 17, 4692.018, 1693.0571000000139, 2998.9608999999864
z1d.metal, Red Hat Enterprise Linux, 304, 1, 12820.53120000005, 10726.195200000004, 2094.3360000000466
c3.2xlarge, Linux/UNIX, 301, 16, 891.0009999999996, 811.2714999999997, 79.72949999999992
r5ad.2xlarge, Windows, 381, 12, 4819.996000000013, 4437.823799999996, 382.17220000001726
r5.2xlarge, Windows, 387, 1, 4740.161700000006, 4205.327399999974, 534.8343000000323
r5ad.2xlarge, Linux/UNIX, 381, 21, 1553.2712999999974, 1068.886000000001, 484.3852999999963
r5ad.24xlarge, Windows, 381, 11, 65706.74869999953, 50475.80340000045, 15230.945299999083
c1.xlarge, Red Hat Enterprise Linux, 308, 17, 1491.705600000006, 1361.120399999998, 130.58520000000794
c1.xlarge, SUSE Linux, 388, 20, 1778.4196999999983, 1450.8041999999955, 327.61550000000284
m5n.2xlarge, Linux/UNIX, 183, 5, 360.2647000000014, 357.1554000000014, 3.109300000000019
z1d.metal, SUSE Linux, 388, 8, 16228.590300000038, 13925.820700000004, 2302.769600000034
r3.2xlarge, SUSE Linux, 388, 27, 2240.873799999998, 1915.9318000000026, 324.94199999999546
c3.2xlarge, Red Hat Enterprise Linux, 308, 15, 2054.9760000000065, 1793.2473999999888, 261.72860000001765
z1d.metal, Linux/UNIX, 388, 6, 15197.290299999844, 12894.870699999907, 2302.4195999999374
c3.2xlarge, SUSE Linux, 301, 16, 1613.401000000003, 1533.6715000000045, 79.72949999999855
r5ad.4xlarge, Linux/UNIX, 381, 8, 4914.627100000036, 2394.7412999999924, 2519.8858000000437
r5.4xlarge, Linux/UNIX, 388, 36, 3396.0503000000017, 1699.2785000000003, 1696.7718000000013
m5n.2xlarge, Red Hat Enterprise Linux, 183, 5, 931.224700000001, 928.1154000000014, 3.109299999999621
c1.medium, Red Hat Enterprise Linux, 308, 2, 575.8367999999981, 540.1320000000012, 35.70479999999691
r5ad.24xlarge, Linux/UNIX, 381, 12, 25271.30000000022, 10097.296000000035, 15174.004000000186
c1.medium, SUSE Linux, 387, 1, 1049.5439999999965, 1049.5439999999965, 0.0
r5a.8xlarge, Windows, 288, 0, 12486.527999999966, 12486.527999999966, 0.0
c1.medium, Linux/UNIX, 387, 1, 120.74399999999937, 120.74399999999937, 0.0
r3.2xlarge, Red Hat Enterprise Linux, 308, 34, 2164.3775999999984, 1571.363599999999, 593.0139999999994
c1.xlarge, Linux/UNIX, 388, 20, 847.2197000000006, 519.6041999999978, 327.6155000000027
z1d.metal, Windows, 388, 6, 35743.08729999982, 33441.80909999984, 2301.278199999979
c1.medium, Windows, 387, 1, 863.7839999999985, 716.8176000000057, 146.96639999999286
r5ad.24xlarge, Red Hat Enterprise Linux, 304, 5, 13637.539100000067, 8376.974400000045, 5260.564700000023
m5n.2xlarge, Windows, 183, 0, 1966.737600000003, 1966.737600000003, 0.0
r5a.8xlarge, Red Hat Enterprise Linux, 288, 0, 3210.624000000008, 3210.624000000008, 0.0
c3.4xlarge, Windows, 301, 1, 6494.376000000006, 5596.38959999998, 897.9864000000252
c3.8xlarge, Linux/UNIX, 302, 1, 3571.254300000012, 3242.011200000018, 329.2430999999938
m5dn.8xlarge, Linux/UNIX, 183, 1, 3754.1792000000064, 1482.1415999999956, 2272.0376000000106
c3.4xlarge, SUSE Linux, 301, 1, 2461.8958999999954, 2337.7655999999924, 124.13030000000299
r5ad.4xlarge, Windows, 381, 7, 11655.698000000071, 9130.595500000018, 2525.1025000000536
r5a.8xlarge, Linux/UNIX, 288, 0, 2312.0639999999976, 2312.0639999999976, 0.0
r3.4xlarge, Red Hat Enterprise Linux, 308, 21, 3368.534399999987, 2136.3704000000043, 1232.1639999999825
z1d.large, Red Hat Enterprise Linux, 304, 4, 845.2153999999945, 844.8767999999941, 0.33860000000038326
c3.8xlarge, Red Hat Enterprise Linux, 307, 4, 5319.6960000000245, 4256.534400000015, 1063.1616000000095
r3.4xlarge, SUSE Linux, 388, 35, 4082.9529000000034, 2920.6975999999945, 1162.255300000009
c3.8xlarge, SUSE Linux, 302, 1, 4296.054299999998, 3966.8111999999796, 329.24310000001833
r5.4xlarge, Red Hat Enterprise Linux, 304, 22, 3393.2156, 2287.2747, 1105.9409
c3.2xlarge, Windows, 301, 1, 3247.188000000003, 2797.843199999989, 449.34480000001395
c3.4xlarge, Linux/UNIX, 301, 1, 1739.4959000000033, 1615.365600000009, 124.13029999999435
m5dn.8xlarge, Windows, 183, 1, 10221.03219999998, 7947.165600000031, 2273.8665999999484
r5ad.4xlarge, Red Hat Enterprise Linux, 304, 8, 5713.929000000038, 2199.316900000007, 3514.612100000031
r3.4xlarge, Linux/UNIX, 388, 24, 3151.6663999999987, 1453.7717000000002, 1697.8946999999985
m5dn.8xlarge, Red Hat Enterprise Linux, 183, 1, 4325.139199999999, 2053.101600000005, 2272.0375999999937
r5.2xlarge, Linux/UNIX, 388, 84, 1821.2010999999982, 862.8493999999994, 958.3516999999988
c3.4xlarge, Red Hat Enterprise Linux, 308, 6, 3148.9920000000125, 2617.581300000013, 531.4106999999995
z1d.large, Windows, 388, 6, 1540.9606999999928, 1379.4383999999925, 161.5223000000003
p3.16xlarge, SUSE Linux, 388, 15, 70039.1891000005, 69318.52800000041, 720.6611000000848
z1d.xlarge, Windows, 388, 4, 2869.662199999984, 2752.627199999985, 117.03499999999894
p3.8xlarge, SUSE Linux, 388, 10, 35291.407499999725, 35151.07989999971, 140.32760000001144
r5a.xlarge, Red Hat Enterprise Linux, 305, 23, 978.6254999999977, 750.7274000000001, 227.8980999999976
r5a.large, Red Hat Enterprise Linux, 304, 13, 688.0322999999975, 593.1725999999987, 94.85969999999872
p3.16xlarge, Red Hat Enterprise Linux, 305, 5, 136078.68949999995, 54844.92479999961, 81233.76470000035
a1.large, Linux/UNIX, 301, 3, 121.37569999999955, 72.30720000000002, 49.06849999999953
r5a.xlarge, Linux/UNIX, 388, 25, 690.5161999999987, 396.6832999999979, 293.83290000000073
p3.2xlarge, Linux/UNIX, 302, 52, 7988.0639999999985, 6885.938800000034, 1102.125199999965
r5a.large, Windows, 388, 2, 1188.2112000000075, 1054.8216000000052, 133.38960000000225
a1.4xlarge, Red Hat Enterprise Linux, 217, 1, 1808.3224000000002, 1095.4224000000006, 712.8999999999996
p3.16xlarge, Windows, 387, 0, 95554.94399999917, 95554.94399999917, 0.0
p2.xlarge, Windows, 388, 23, 4227.6480000000265, 4227.6480000000265, 0.0
a1.large, Red Hat Enterprise Linux, 217, 3, 399.9869000000015, 364.0224000000006, 35.96450000000095
r5a.xlarge, Windows, 388, 6, 2377.3535999999804, 2109.66240000001, 267.6911999999702
r5a.large, Linux/UNIX, 388, 15, 332.0961999999995, 198.79259999999886, 133.30360000000064
p3.16xlarge, Linux/UNIX, 388, 15, 69107.98910000014, 68387.32800000021, 720.6610999999248
p3.8xlarge, Windows, 387, 0, 47777.47199999959, 47777.47199999959, 0.0
p3.2xlarge, Windows, 388, 2, 11979.206199999897, 11975.231999999896, 3.9742000000005646
a1.2xlarge, Red Hat Enterprise Linux, 217, 1, 1026.6772000000017, 886.2240000000024, 140.45319999999924
p3.2xlarge, SUSE Linux, 302, 44, 8712.864000000003, 7618.878399999955, 1093.9856000000482
p3.8xlarge, Linux/UNIX, 388, 10, 34360.17930000009, 34219.87990000011, 140.2993999999817
a1.2xlarge, Linux/UNIX, 302, 1, 486.52120000000315, 291.55440000000215, 194.966800000001
r5.2xlarge, SUSE Linux, 388, 56, 2853.201100000001, 2135.908000000003, 717.293099999998
p3.2xlarge, Red Hat Enterprise Linux, 304, 53, 10215.859199999963, 7717.82610000001, 2498.0330999999524
a1.4xlarge, Linux/UNIX, 301, 1, 1402.0312000000008, 579.9072000000042, 822.1239999999966
a1.metal, SUSE Linux, 183, 1, 1126.3819999999994, 915.0212000000038, 211.3607999999956
p2.16xlarge, SUSE Linux, 41, 1, 13656.345599999986, 9343.315199999994, 4313.030399999992
r5ad.12xlarge, Windows, 381, 8, 31013.977699999836, 27346.610400000234, 3667.3672999996015
p2.16xlarge, Red Hat Enterprise Linux, 304, 30, 61114.21440000027, 32561.433599999844, 28552.78080000043
a1.metal, Linux/UNIX, 183, 0, 346.089600000001, 346.089600000001, 0.0
p2.8xlarge, Linux/UNIX, 388, 27, 21174.106100000026, 20125.948900000047, 1048.1571999999796
p3dn.24xlarge, Red Hat Enterprise Linux, 303, 0, 69037.45920000016, 69037.45920000016, 0.0
p2.16xlarge, Windows, 42, 1, 17130.657600000024, 12693.458399999992, 4437.199200000032
a1.metal, Red Hat Enterprise Linux, 183, 0, 917.0496000000012, 917.0496000000012, 0.0
r5.2xlarge, Red Hat Enterprise Linux, 305, 61, 2038.7707000000003, 1634.8706999999986, 403.9000000000017
a1.xlarge, Red Hat Enterprise Linux, 303, 2, 703.8021999999991, 581.7017, 122.1004999999991
z1d.xlarge, Red Hat Enterprise Linux, 305, 4, 1433.9316000000033, 1256.6879999999985, 177.2436000000048
r3.2xlarge, Linux/UNIX, 388, 41, 1309.673800000001, 760.3071000000002, 549.3667000000007
z1d.xlarge, Linux/UNIX, 388, 10, 1477.4646000000032, 1060.4374000000034, 417.02719999999977
p3dn.24xlarge, Windows, 387, 0, 127984.92479999966, 127984.92479999966, 0.0
a1.xlarge, Linux/UNIX, 302, 1, 249.69099999999952, 145.78800000000106, 103.90299999999846
p2.16xlarge, Linux/UNIX, 41, 1, 13557.945599999997, 9244.915200000003, 4313.030399999994
p2.xlarge, Red Hat Enterprise Linux, 304, 54, 3219.5452000000028, 2440.9017000000063, 778.6434999999965
r5ad.12xlarge, Linux/UNIX, 381, 8, 10834.696400000143, 7162.30179999995, 3672.3946000001924
a1.medium, Linux/UNIX, 301, 9, 60.68159999999977, 36.20749999999996, 24.474099999999808
p2.xlarge, Linux/UNIX, 388, 61, 3377.8361999999997, 2554.8989000000033, 822.9372999999964
r5ad.12xlarge, Red Hat Enterprise Linux, 304, 7, 10419.865400000033, 4802.949400000004, 5616.916000000029
p2.xlarge, SUSE Linux, 388, 60, 4309.0362000000005, 3510.34720000002, 798.6889999999803
p2.8xlarge, Windows, 387, 33, 35207.31500000012, 33734.016000000214, 1473.2989999999045
a1.medium, Red Hat Enterprise Linux, 217, 7, 356.22719999999964, 338.55709999999954, 17.670100000000105
a1.medium, SUSE Linux, 301, 7, 783.0815999999976, 766.2994000000002, 16.782199999997374
p2.8xlarge, Red Hat Enterprise Linux, 304, 21, 18491.051699999894, 16707.83999999987, 1783.2117000000253
p2.8xlarge, SUSE Linux, 388, 27, 22105.306100000093, 21060.36990000008, 1044.936200000011
p3dn.24xlarge, Linux/UNIX, 388, 2, 87221.25639999984, 87212.16399999984, 9.092399999994086
r5a.4xlarge, Windows, 388, 3, 9507.552000000016, 8436.043200000042, 1071.5087999999741
m5d.metal, Red Hat Enterprise Linux, 304, 50, 8583.014399999935, 6349.05030000001, 2233.9640999999247
c4.4xlarge, Red Hat Enterprise Linux, 308, 75, 3258.393600000006, 2092.1241999999984, 1166.2694000000074
r5a.4xlarge, Red Hat Enterprise Linux, 304, 7, 2955.6603000000046, 2176.228200000007, 779.4320999999977
r3.8xlarge, Red Hat Enterprise Linux, 308, 45, 5837.3832999999895, 3266.365299999997, 2571.0179999999923
r5ad.xlarge, Linux/UNIX, 381, 14, 912.8296999999993, 492.390699999999, 420.4390000000003
r5ad.large, Windows, 381, 12, 1361.3796000000054, 1102.558099999997, 258.8215000000084
m5d.metal, SUSE Linux, 388, 37, 11064.518399999975, 9464.789500000039, 1599.7288999999364
c4.4xlarge, Linux/UNIX, 388, 91, 2436.844199999999, 1410.5742000000012, 1026.269999999998
z1d.3xlarge, Windows, 388, 4, 8682.288799999957, 8257.88159999996, 424.407199999996
m5d.metal, Linux/UNIX, 388, 58, 10133.318399999935, 6982.725899999986, 3150.592499999949
z1d.3xlarge, Red Hat Enterprise Linux, 304, 5, 3398.647700000011, 3391.1808000000124, 7.466899999998532
m5d.large, Windows, 388, 2, 1173.3119999999947, 1046.203199999997, 127.1087999999977
c4.4xlarge, SUSE Linux, 388, 51, 3368.0442000000007, 2801.884099999997, 566.1601000000037
r5ad.xlarge, Red Hat Enterprise Linux, 304, 10, 1053.8784000000003, 787.9323000000043, 265.946099999996
r5ad.large, SUSE Linux, 381, 18, 1360.4758000000097, 1119.5141000000017, 240.96170000000802
m5d.metal, Windows, 388, 1, 51255.110400000056, 47164.63919999986, 4090.4712000001964
c4.2xlarge, Windows, 388, 1, 4575.916799999991, 4112.0207999999675, 463.8960000000234
c4.2xlarge, SUSE Linux, 388, 47, 2106.648699999996, 1866.2975000000001, 240.35119999999597
z1d.6xlarge, Linux/UNIX, 388, 15, 6391.207899999981, 6235.315199999958, 155.89270000002307
z1d.2xlarge, Windows, 388, 5, 5760.266699999967, 5505.25439999997, 255.0122999999976
m5d.large, SUSE Linux, 388, 5, 1248.4385999999993, 1185.189000000007, 63.24959999999237
c4.8xlarge, Red Hat Enterprise Linux, 308, 70, 5555.827200000015, 3216.9389000000033, 2338.888300000012
c4.8xlarge, Linux/UNIX, 388, 92, 5099.5713000000005, 2813.7304000000104, 2285.84089999999
z1d.3xlarge, Linux/UNIX, 387, 8, 3533.6273999999685, 3109.6223999999793, 424.0049999999892
r5a.4xlarge, Linux/UNIX, 388, 11, 3064.8354000000013, 1590.2555999999904, 1474.579800000011
c4.4xlarge, Windows, 388, 2, 9151.833599999982, 8225.853599999935, 925.9800000000469
c3.large, SUSE Linux, 301, 2, 934.7855999999963, 924.2448000000035, 10.540799999992828
r3.8xlarge, Linux/UNIX, 388, 48, 5077.1943000000065, 2881.4980000000082, 2195.6962999999982
c3.large, Windows, 301, 2, 811.977599999998, 696.0288000000021, 115.94879999999591
r3.4xlarge, Windows, 301, 2, 6302.939999999967, 5347.713600000013, 955.2263999999541
m5d.xlarge, Windows, 388, 2, 2346.6239999999893, 2091.5255999999813, 255.09840000000804
c3.xlarge, Linux/UNIX, 301, 3, 425.56680000000097, 403.8203000000012, 21.74649999999974
c3.xlarge, Red Hat Enterprise Linux, 308, 4, 990.5280000000021, 857.9571999999937, 132.57080000000838
z1d.large, Linux/UNIX, 388, 10, 725.3980000000023, 522.7386000000017, 202.65940000000057
c3.large, Red Hat Enterprise Linux, 308, 4, 717.0239999999952, 650.6880000000002, 66.33599999999501
c3.8xlarge, Windows, 302, 1, 13031.904000000011, 11235.93119999996, 1795.9728000000505
c3.large, Linux/UNIX, 301, 2, 212.3856000000007, 201.84480000000065, 10.540800000000047
m5d.xlarge, Red Hat Enterprise Linux, 304, 25, 914.9183999999955, 734.4241000000018, 180.4942999999937
r5ad.large, Red Hat Enterprise Linux, 305, 9, 690.2759999999975, 650.4591999999998, 39.81679999999767
c4.2xlarge, Red Hat Enterprise Linux, 308, 123, 2109.722400000003, 1540.2004000000004, 569.5220000000024
m5d.xlarge, Linux/UNIX, 388, 31, 690.3107999999967, 380.68350000000265, 309.627299999994
r5ad.large, Linux/UNIX, 381, 12, 520.7418000000005, 261.3881, 259.35370000000046
z1d.6xlarge, Windows, 388, 4, 17409.740199999913, 16515.76319999992, 893.9769999999917
c4.2xlarge, Linux/UNIX, 388, 147, 1175.4487000000001, 720.3270999999997, 455.1216000000004
z1d.6xlarge, Red Hat Enterprise Linux, 304, 9, 6884.505599999965, 5837.337600000029, 1047.167999999936
m5d.xlarge, SUSE Linux, 388, 25, 1621.5107999999925, 1441.0047000000038, 180.5060999999887
c3.xlarge, SUSE Linux, 301, 3, 1147.9668000000006, 1126.2202999999965, 21.746500000004062
c3.xlarge, Windows, 301, 2, 1623.955199999996, 1399.6895999999945, 224.26560000000154
m5a.12xlarge, Red Hat Enterprise Linux, 304, 2, 9703.07190000004, 4493.925600000004, 5209.146300000037
r4.2xlarge, Windows, 387, 1, 4678.365600000019, 4168.080000000024, 510.2855999999956
c5d.metal, Linux/UNIX, 156, 5, 3415.2768000000074, 3415.2768000000074, 0.0
r5a.24xlarge, Linux/UNIX, 387, 8, 15911.21660000013, 9463.461600000046, 6447.755000000085
t3a.nano, Windows, 351, 1, 50.54399999999962, 48.74399999999963, 1.79999999999999
m5a.xlarge, Red Hat Enterprise Linux, 304, 145, 941.7035999999991, 754.6868999999998, 187.01669999999933
r5d.xlarge, Red Hat Enterprise Linux, 304, 26, 945.622199999999, 748.2604999999965, 197.36170000000254
m5a.12xlarge, Linux/UNIX, 387, 9, 8148.977300000092, 4842.962799999949, 3306.014500000143
r5d.xlarge, Windows, 387, 4, 2372.1338000000105, 2104.3014000000003, 267.83240000001024
c5d.24xlarge, Windows, 156, 0, 19948.78079999995, 19948.78079999995, 0.0
m5a.xlarge, Linux/UNIX, 388, 177, 715.6614000000003, 399.8023000000002, 315.8591000000001
c5d.large, Windows, 388, 1, 1158.4127999999935, 1036.5263999999959, 121.8863999999976
m5a.xlarge, Windows, 388, 3, 2346.6239999999893, 2091.026399999981, 255.59760000000824
r5a.24xlarge, Red Hat Enterprise Linux, 304, 4, 21572.518899999857, 8376.974400000045, 13195.544499999813
r4.4xlarge, Linux/UNIX, 388, 21, 3322.1514999999986, 1630.1570999999997, 1691.994399999999
r5d.xlarge, Linux/UNIX, 388, 27, 925.9258000000005, 398.46469999999795, 527.4611000000026
m5ad.12xlarge, Linux/UNIX, 381, 13, 11583.853499999963, 5957.25079999994, 5626.602700000023
r5a.16xlarge, Red Hat Enterprise Linux, 288, 1, 5615.098300000016, 5521.996800000017, 93.10149999999885
m5.xlarge, Windows, 387, 2, 2340.5759999999896, 2085.4775999999815, 255.09840000000804
r5d.metal, Windows, 387, 5, 52247.85149999968, 47319.00240000032, 4928.849099999359
r4.16xlarge, SUSE Linux, 388, 24, 12909.224899999997, 9092.267100000003, 3816.9577999999947
t3a.xlarge, Windows, 351, 1, 999.9287999999959, 944.1288000000023, 55.79999999999359
m5a.large, Linux/UNIX, 388, 7, 347.59809999999993, 189.81879999999867, 157.77930000000126
t3a.xlarge, Red Hat Enterprise Linux, 305, 2, 853.5120000000026, 714.0839999999992, 139.4280000000034
m5a.large, Red Hat Enterprise Linux, 305, 8, 681.0207000000006, 587.0692000000001, 93.95150000000046
c5d.2xlarge, Red Hat Enterprise Linux, 304, 19, 1864.0402000000033, 1509.780199999993, 354.2600000000102
r5dn.12xlarge, Red Hat Enterprise Linux, 183, 0, 2774.426400000012, 2774.426400000012, 0.0
r4.16xlarge, Windows, 387, 1, 37427.853600000206, 33347.388000000195, 4080.4656000000105
c5d.2xlarge, SUSE Linux, 388, 33, 2223.326200000001, 1905.1717999999894, 318.1544000000115
m5a.8xlarge, Windows, 288, 0, 12381.46560000007, 12381.46560000007, 0.0
r5dn.12xlarge, Windows, 183, 0, 11901.002400000045, 11901.002400000045, 0.0
m5a.large, Windows, 388, 1, 1173.3119999999947, 1045.9679999999971, 127.34399999999755
c5d.2xlarge, Linux/UNIX, 388, 21, 1292.1837999999982, 720.6391999999983, 571.5446
r5dn.12xlarge, Linux/UNIX, 183, 0, 2203.466400000001, 2203.466400000001, 0.0
r4.16xlarge, Red Hat Enterprise Linux, 308, 18, 11069.52, 5849.995799999988, 5219.524200000013
c5d.18xlarge, Red Hat Enterprise Linux, 304, 34, 9128.755200000012, 6289.492800000001, 2839.2624000000114
x1.16xlarge, Linux/UNIX, 387, 13, 18768.273500000014, 18582.50159999998, 185.77190000003247
r5d.metal, Red Hat Enterprise Linux, 304, 17, 8953.183699999956, 5896.200100000017, 3056.9835999999386
r5.16xlarge, Windows, 288, 0, 24972.364799999854, 24972.364799999854, 0.0
r4.16xlarge, Linux/UNIX, 388, 30, 11978.024899999997, 6212.194699999985, 5765.830200000012
c5d.metal, Red Hat Enterprise Linux, 156, 5, 3901.9967999999963, 3901.9967999999963, 0.0
c5d.large, Linux/UNIX, 388, 30, 301.96540000000203, 180.0983999999999, 121.86700000000212
r5.8xlarge, Linux/UNIX, 288, 12, 2419.7062, 2333.8563999999997, 85.84980000000041
r5a.16xlarge, Linux/UNIX, 288, 1, 4716.538300000025, 4623.436800000027, 93.10149999999794
c5d.18xlarge, Linux/UNIX, 388, 45, 11164.025100000006, 6910.290700000006, 4253.7344
m5ad.24xlarge, Linux/UNIX, 381, 13, 26523.46960000029, 9829.989999999923, 16693.47960000037
m5ad.24xlarge, Red Hat Enterprise Linux, 304, 4, 22952.45649999999, 8526.583800000062, 14425.872699999927
c5d.12xlarge, Windows, 156, 0, 9974.390399999975, 9974.390399999975, 0.0
m5.xlarge, SUSE Linux, 388, 48, 1690.3401999999999, 1452.3732000000002, 237.96699999999964
r3.xlarge, Windows, 302, 4, 1988.0811000000103, 1683.9312000000064, 304.149900000004
r5d.metal, Linux/UNIX, 387, 21, 11218.423000000024, 6442.203800000043, 4776.219199999981
m5.xlarge, Red Hat Enterprise Linux, 308, 70, 1140.9141000000004, 761.2276999999997, 379.68640000000073
r5a.24xlarge, Windows, 387, 7, 56898.287999999724, 50478.84730000044, 6419.440699999286
x1.16xlarge, Red Hat Enterprise Linux, 308, 15, 29800.848000000125, 15930.220800000041, 13870.627200000084
m5ad.16xlarge, Windows, 192, 1, 18205.747199999943, 18102.655200000052, 103.09199999989141
c5d.metal, SUSE Linux, 156, 5, 3789.676800000009, 3789.676800000009, 0.0
m5ad.12xlarge, Windows, 381, 10, 31779.169999999922, 26130.486000000008, 5648.683999999914
c5d.18xlarge, Windows, 387, 2, 41590.73519999982, 37216.84319999995, 4373.891999999869
m5ad.12xlarge, Red Hat Enterprise Linux, 304, 9, 11166.29930000006, 4886.3902999999955, 6279.909000000065
m5ad.16xlarge, Linux/UNIX, 192, 1, 4639.795199999993, 4536.703200000005, 103.09199999998782
c5d.18xlarge, SUSE Linux, 388, 19, 12095.22510000001, 9804.482799999983, 2290.742300000027
m5ad.16xlarge, Red Hat Enterprise Linux, 192, 1, 5238.835200000017, 5135.743199999998, 103.09200000001874
c5d.large, Red Hat Enterprise Linux, 304, 32, 664.6656000000021, 578.2776000000006, 86.38800000000151
c5d.9xlarge, Red Hat Enterprise Linux, 304, 42, 5038.617600000018, 3583.1910000000003, 1455.4266000000175
m5a.24xlarge, Red Hat Enterprise Linux, 304, 5, 14495.581399999975, 8039.371200000049, 6456.210199999927
t3a.small, Red Hat Enterprise Linux, 304, 2, 489.67400000000214, 471.81359999999825, 17.860400000003892
m5a.24xlarge, Windows, 387, 9, 56176.61040000011, 50525.239299999994, 5651.371100000113
r4.2xlarge, Linux/UNIX, 388, 29, 1660.6927999999998, 779.3988999999979, 881.2939000000019
c5d.large, SUSE Linux, 388, 26, 1233.1653999999955, 1173.035999999998, 60.12939999999753
c5d.9xlarge, Linux/UNIX, 388, 57, 6667.5209, 3385.385499999995, 3282.1354000000056
c5d.4xlarge, Windows, 387, 1, 9242.488800000085, 8268.307199999967, 974.1816000001181
m5a.2xlarge, Red Hat Enterprise Linux, 304, 19, 1942.2354999999982, 1561.1825000000015, 381.0529999999967
m5a.12xlarge, Windows, 387, 9, 28637.922699999912, 25356.018399999994, 3281.9042999999183
r4.2xlarge, Red Hat Enterprise Linux, 308, 25, 2227.7382000000043, 1586.5456000000065, 641.1925999999978
r5dn.2xlarge, Windows, 183, 1, 3013.473300000001, 1983.4272000000067, 1030.0460999999943
r5a.16xlarge, Windows, 288, 1, 25055.615999999845, 24972.364799999854, 83.25119999999151
t3a.small, Linux/UNIX, 351, 1, 51.55259999999991, 40.33439999999979, 11.218200000000124
r5dn.8xlarge, Linux/UNIX, 183, 3, 2488.5072, 1528.9579000000028, 959.5492999999972
r5dn.8xlarge, Windows, 183, 3, 8953.531200000023, 7992.99899999999, 960.5322000000333
r4.2xlarge, SUSE Linux, 388, 19, 2591.8927999999996, 1955.6706000000077, 636.222199999992
c5d.9xlarge, Windows, 387, 2, 20795.832000000166, 18608.188800000004, 2187.6432000001623
m5a.16xlarge, Linux/UNIX, 288, 0, 4413.312000000004, 4413.312000000004, 0.0
r5dn.8xlarge, Red Hat Enterprise Linux, 183, 3, 3059.4672000000096, 2099.917899999994, 959.5493000000156
c5d.9xlarge, SUSE Linux, 388, 36, 7598.905299999995, 5344.327300000006, 2254.5779999999886
m5a.24xlarge, Linux/UNIX, 387, 9, 15160.802399999913, 9500.564299999902, 5660.238100000011
r5.16xlarge, SUSE Linux, 288, 3, 8383.164500000024, 6676.3403999999555, 1706.824100000069
m5a.16xlarge, Windows, 288, 0, 24762.239999999896, 24762.239999999896, 0.0
m5a.4xlarge, Windows, 388, 2, 9387.427200000058, 8366.575199999925, 1020.8520000001336
t3a.xlarge, Linux/UNIX, 351, 1, 379.9676000000019, 324.1223999999999, 55.84520000000197
c5d.4xlarge, Linux/UNIX, 388, 41, 2972.0821000000037, 1449.8781999999965, 1522.2039000000073
m5a.8xlarge, Linux/UNIX, 288, 0, 2207.001599999992, 2207.001599999992, 0.0
m5a.8xlarge, Red Hat Enterprise Linux, 288, 0, 3105.5615999999904, 3105.5615999999904, 0.0
c5d.2xlarge, Windows, 388, 3, 4632.853299999998, 4146.8807999999835, 485.9725000000144
c5d.4xlarge, Red Hat Enterprise Linux, 304, 40, 2782.5568000000035, 2080.5592000000024, 701.9976000000011
m5a.8xlarge, SUSE Linux, 288, 2, 5425.282800000004, 3605.3147999999924, 1819.9680000000112
m5a.2xlarge, Windows, 388, 1, 4693.247999999979, 4182.052799999962, 511.1952000000165
t3a.small, Windows, 351, 1, 202.17599999999848, 195.33599999999768, 6.840000000000799
c5d.4xlarge, SUSE Linux, 388, 33, 3903.2251000000024, 2884.076299999996, 1019.1488000000063
r5dn.24xlarge, Windows, 183, 0, 23802.00480000009, 23802.00480000009, 0.0
m5a.4xlarge, Red Hat Enterprise Linux, 304, 21, 2869.521100000007, 2148.177799999994, 721.3433000000132
m5a.4xlarge, Linux/UNIX, 388, 30, 3148.9398000000015, 1531.0634000000086, 1617.8763999999928
r5dn.24xlarge, Red Hat Enterprise Linux, 183, 0, 4977.892800000004, 4977.892800000004, 0.0
r5dn.24xlarge, Linux/UNIX, 183, 0, 4406.932800000002, 4406.932800000002, 0.0
r5a.12xlarge, Windows, 388, 9, 29363.814099999843, 25513.913100000227, 3849.900999999616
m5.metal, Linux/UNIX, 388, 23, 10140.559599999939, 6222.7188999999535, 3917.840699999985
c5.large, Windows, 387, 1, 1155.4271999999935, 1033.540799999996, 121.8863999999976
m5ad.large, Windows, 381, 7, 1239.0120999999913, 1033.2930999999965, 205.71899999999482
r5d.8xlarge, Red Hat Enterprise Linux, 288, 1, 3212.162300000005, 3210.624000000008, 1.5382999999969797
r5a.2xlarge, Red Hat Enterprise Linux, 304, 22, 2081.1739999999995, 1567.873900000005, 513.3000999999945
c5d.xlarge, Red Hat Enterprise Linux, 304, 6, 895.0694000000016, 720.7788999999964, 174.29050000000518
x1.32xlarge, Red Hat Enterprise Linux, 308, 1, 58640.73599999995, 30904.262400000174, 27736.47359999978
x1.32xlarge, SUSE Linux, 387, 0, 38093.8031999999, 38093.8031999999, 0.0
c5d.xlarge, SUSE Linux, 387, 5, 1564.8933999999997, 1409.523099999987, 155.37030000001278
r5d.4xlarge, Windows, 388, 3, 9512.089000000033, 8438.693400000046, 1073.395599999987
m5ad.xlarge, Red Hat Enterprise Linux, 304, 8, 1062.2708999999977, 734.2861000000013, 327.9847999999964
c5.large, Red Hat Enterprise Linux, 308, 39, 745.1136000000029, 591.5916999999989, 153.52190000000394
c5.large, SUSE Linux, 388, 30, 1285.6614999999983, 1176.3438999999987, 109.31759999999963
r3.xlarge, Linux/UNIX, 302, 14, 472.06259999999975, 280.8209999999995, 191.24160000000023
m5ad.xlarge, Linux/UNIX, 381, 11, 779.541799999998, 368.55010000000215, 410.9916999999959
r5d.8xlarge, Linux/UNIX, 288, 1, 2313.6023000000027, 2312.0639999999976, 1.5383000000051652
c5.metal, Linux/UNIX, 288, 57, 9057.48479999998, 7028.697399999994, 2028.7873999999865
c5.metal, Red Hat Enterprise Linux, 288, 57, 9956.044800000005, 7927.257400000011, 2028.7873999999938
m5.metal, Red Hat Enterprise Linux, 304, 17, 8583.014399999935, 5675.899800000031, 2907.1145999999035
c5.metal, SUSE Linux, 288, 46, 11436.595199999983, 9025.246699999978, 2411.3485000000055
m5ad.large, Linux/UNIX, 381, 7, 401.6147999999981, 191.83159999999884, 209.78319999999928
m5ad.large, Red Hat Enterprise Linux, 305, 6, 713.2717999999983, 598.5115999999996, 114.76019999999869
r5a.2xlarge, Linux/UNIX, 387, 24, 1545.2935000000004, 788.2962999999957, 756.9972000000048
m5ad.8xlarge, Windows, 192, 4, 9102.64320000001, 9051.24240000002, 51.40079999999034
t3a.nano, Red Hat Enterprise Linux, 304, 35, 450.9223000000022, 446.37539999999694, 4.54690000000528
r5d.4xlarge, Red Hat Enterprise Linux, 304, 33, 2963.695400000008, 2249.8656999999976, 713.8297000000102
x1e.16xlarge, Red Hat Enterprise Linux, 304, 9, 47756.78399999998, 30199.027200000182, 17557.756799999795
m5d.12xlarge, Red Hat Enterprise Linux, 304, 24, 6674.380800000032, 4549.623699999993, 2124.757100000039
x1e.16xlarge, SUSE Linux, 388, 12, 39352.21009999989, 38220.83369999992, 1131.3763999999646
c5.9xlarge, SUSE Linux, 387, 57, 6660.50359999999, 5354.919600000011, 1305.583999999979
r5d.4xlarge, Linux/UNIX, 388, 33, 2819.8773, 1653.2733999999969, 1166.6039000000033
c5.9xlarge, Red Hat Enterprise Linux, 308, 97, 6388.166399999959, 3819.647999999999, 2568.5183999999604
x1e.16xlarge, Linux/UNIX, 388, 12, 38421.010100000014, 37289.633699999984, 1131.3764000000301
x1e.2xlarge, Linux/UNIX, 387, 4, 4991.903200000011, 4647.715199999997, 344.18800000001374
x1e.16xlarge, Windows, 387, 12, 65687.73089999975, 64539.96029999975, 1147.7705999999962
c5.9xlarge, Windows, 387, 1, 20795.832000000166, 18604.605600000003, 2191.2264000001633
x1.32xlarge, Windows, 387, 0, 91852.74720000019, 91852.74720000019, 0.0
m5ad.xlarge, Windows, 381, 6, 2422.8723999999984, 2049.364799999982, 373.5076000000163
c5.large, Linux/UNIX, 388, 45, 354.46150000000085, 184.08700000000027, 170.37450000000058
m5d.12xlarge, Linux/UNIX, 387, 23, 7990.504000000041, 4577.7756999999965, 3412.7283000000443
m5.metal, SUSE Linux, 388, 7, 11071.75959999998, 9034.10880000004, 2037.6507999999394
m5ad.4xlarge, Linux/UNIX, 381, 7, 3187.654700000017, 1611.542500000015, 1576.1122000000018
m5.metal, Windows, 388, 1, 51255.110400000056, 47164.63919999986, 4090.4712000001964
c5.xlarge, SUSE Linux, 388, 23, 1655.5475999999999, 1420.663199999998, 234.88440000000196
x1.16xlarge, SUSE Linux, 387, 13, 19697.07350000006, 19511.30160000008, 185.77189999998154
r5d.large, Linux/UNIX, 388, 16, 333.8951999999994, 198.18529999999885, 135.70990000000057
r5d.large, Windows, 388, 2, 1188.2112000000075, 1054.7184000000052, 133.49280000000226
m5ad.2xlarge, Linux/UNIX, 381, 29, 1771.4420000000036, 838.8775000000056, 932.564499999998
r4.4xlarge, Red Hat Enterprise Linux, 308, 19, 3488.2848000000067, 2271.5855999999985, 1216.6992000000082
c5d.metal, Windows, 156, 0, 19948.78079999995, 19948.78079999995, 0.0
m5.xlarge, Linux/UNIX, 388, 79, 759.1401999999998, 395.6204, 363.5197999999998
m5ad.2xlarge, Red Hat Enterprise Linux, 304, 27, 2291.562099999998, 1577.3286000000028, 714.233499999995
m5ad.4xlarge, Red Hat Enterprise Linux, 304, 5, 5217.632999999999, 2130.56159999999, 3087.071400000009
x1.16xlarge, Windows, 387, 0, 45926.37360000009, 45926.37360000009, 0.0
c5.xlarge, Windows, 387, 2, 2310.854399999987, 2067.5567999999917, 243.29759999999533
c5d.xlarge, Linux/UNIX, 387, 10, 636.0934000000012, 361.3142999999984, 274.7791000000028
c5.xlarge, Red Hat Enterprise Linux, 308, 35, 1086.1407000000006, 742.3178999999991, 343.8228000000015
r5d.large, Red Hat Enterprise Linux, 305, 16, 690.2759999999975, 594.4156999999987, 95.8602999999988
r3.xlarge, Red Hat Enterprise Linux, 308, 22, 1045.4340999999988, 733.4080000000034, 312.0260999999954
m5ad.2xlarge, Windows, 381, 11, 4992.7375999999695, 4167.810299999961, 824.9273000000085
c5.xlarge, Linux/UNIX, 388, 39, 724.3476000000006, 373.4288999999994, 350.91870000000125
c5.metal, Windows, 288, 2, 39580.876799999896, 37229.903999999704, 2350.9728000001924
m5ad.24xlarge, Windows, 381, 8, 66930.01700000018, 50239.008199999946, 16691.008800000236
x1.32xlarge, Linux/UNIX, 387, 0, 37165.00319999996, 37165.00319999996, 0.0
m5ad.8xlarge, Linux/UNIX, 192, 4, 2319.6671999999967, 2268.2664, 51.40079999999671
m5ad.4xlarge, Windows, 381, 5, 9919.946600000047, 8346.750399999924, 1573.1962000001222
r5d.8xlarge, Windows, 288, 0, 12486.527999999966, 12486.527999999966, 0.0
m5ad.8xlarge, Red Hat Enterprise Linux, 192, 4, 2918.7071999999985, 2867.306400000011, 51.40079999998761
r3.xlarge, SUSE Linux, 302, 23, 1196.8625999999995, 1134.8313999999968, 62.03120000000263
r5ad.12xlarge, SUSE Linux, 381, 7, 11848.946400000077, 10390.966199999986, 1457.980200000091
i3en.3xlarge, SUSE Linux, 338, 6, 4334.187099999977, 4211.011599999974, 123.17550000000301
r5ad.4xlarge, SUSE Linux, 381, 13, 5929.877099999932, 3838.4611999999815, 2091.415899999951
r5a.large, SUSE Linux, 388, 15, 1188.7782000000072, 1118.0626, 70.71560000000727
m5dn.large, SUSE Linux, 183, 3, 500.19740000000144, 453.9048000000014, 46.29260000000005
r5dn.8xlarge, SUSE Linux, 183, 2, 3028.5572000000125, 2128.5267999999965, 900.030400000016
m5dn.8xlarge, SUSE Linux, 183, 3, 4294.229200000003, 2052.4032000000107, 2241.8259999999927
r5n.12xlarge, SUSE Linux, 183, 1, 4160.952400000015, 2905.4484000000057, 1255.504000000009
r5n.large, SUSE Linux, 183, 3, 507.22459999999865, 458.3783999999996, 48.846199999999044
p3dn.24xlarge, SUSE Linux, 388, 4, 88253.30640000054, 88243.21400000053, 10.092400000008638
r5dn.xlarge, SUSE Linux, 183, 2, 1591.255199999997, 687.3081999999999, 903.9469999999972
i3en.2xlarge, SUSE Linux, 338, 13, 3124.8484999999946, 3111.224399999995, 13.624099999999544
m5n.16xlarge, Windows, 183, 1, 22941.853699999967, 15813.436299999941, 7128.417400000026
r5a.8xlarge, SUSE Linux, 288, 2, 4708.456399999983, 3739.236800000009, 969.2195999999735
m5n.24xlarge, Linux/UNIX, 183, 0, 4206.657600000002, 4206.657600000002, 0.0
r5a.12xlarge, SUSE Linux, 387, 14, 10155.994800000037, 7445.479100000058, 2710.515699999979
r5n.xlarge, SUSE Linux, 183, 1, 795.5948000000003, 687.8081999999999, 107.78660000000036
m5n.24xlarge, Red Hat Enterprise Linux, 183, 0, 4777.617600000002, 4777.617600000002, 0.0
m5n.24xlarge, SUSE Linux, 183, 1, 20301.605100000004, 5069.737999999994, 15231.86710000001
m5n.24xlarge, Windows, 183, 0, 23601.729599999995, 23601.729599999995, 0.0
m5n.16xlarge, Linux/UNIX, 183, 2, 4595.7888, 2894.207500000007, 1701.5812999999935
i3en.6xlarge, SUSE Linux, 338, 0, 7511.8232000000135, 7511.8232000000135, 0.0
m5n.16xlarge, Red Hat Enterprise Linux, 183, 2, 5166.748799999987, 3465.167499999994, 1701.5812999999926
r5ad.24xlarge, SUSE Linux, 381, 12, 26285.649999999765, 14136.874399999955, 12148.77559999981
r5n.8xlarge, SUSE Linux, 183, 3, 3028.1572000000124, 2126.5007999999966, 901.6564000000158
m5n.2xlarge, SUSE Linux, 183, 8, 1130.8581999999985, 925.0821000000033, 205.77609999999527
r5a.xlarge, SUSE Linux, 388, 18, 1672.141199999998, 1514.7243000000026, 157.4168999999954
m5n.xlarge, Windows, 183, 0, 983.3688000000016, 983.3688000000016, 0.0
r5n.16xlarge, SUSE Linux, 183, 3, 5365.360400000016, 3703.9732000000117, 1661.3872000000042
m5a.12xlarge, SUSE Linux, 387, 11, 9178.277300000014, 7147.999300000046, 2030.2779999999684
m5n.large, SUSE Linux, 183, 3, 500.19740000000144, 453.82200000000137, 46.37540000000007
m5n.large, Red Hat Enterprise Linux, 183, 0, 351.36000000000007, 351.36000000000007, 0.0
m5n.12xlarge, Linux/UNIX, 183, 0, 2103.328800000001, 2103.328800000001, 0.0
m5n.xlarge, SUSE Linux, 183, 3, 803.5871000000011, 678.7547999999982, 124.83230000000287
r5ad.16xlarge, Linux/UNIX, 192, 1, 4860.5184, 4752.4896000000035, 108.02879999999641
r5ad.16xlarge, SUSE Linux, 106, 2, 3086.1091, 2957.047200000004, 129.06189999999606
m5n.12xlarge, Red Hat Enterprise Linux, 183, 0, 2674.2888, 2674.2888, 0.0
m5n.8xlarge, Red Hat Enterprise Linux, 183, 1, 6984.4062000000185, 2016.4105000000047, 4967.995700000014
m5n.8xlarge, Linux/UNIX, 183, 1, 6413.446200000011, 1445.4504999999956, 4967.995700000016
m5n.4xlarge, Windows, 183, 3, 4214.020900000004, 3933.475200000006, 280.54569999999785
r5ad.2xlarge, SUSE Linux, 381, 25, 2568.471299999998, 2171.3929000000044, 397.0783999999935
r5ad.16xlarge, Windows, 192, 1, 18426.470399999995, 18318.441600000002, 108.02879999999277
m5n.12xlarge, SUSE Linux, 183, 1, 8970.812699999997, 2805.244000000009, 6165.568699999988
m5n.12xlarge, Windows, 183, 0, 11800.864799999998, 11800.864799999998, 0.0
r5n.24xlarge, SUSE Linux, 183, 2, 7773.054799999996, 5285.980799999996, 2487.0740000000005
r5ad.16xlarge, Red Hat Enterprise Linux, 192, 3, 5459.558399999984, 5348.371799999995, 111.18659999998908
m5n.large, Linux/UNIX, 183, 0, 87.84000000000002, 87.84000000000002, 0.0
m5n.8xlarge, Windows, 183, 1, 12880.893499999975, 7912.86840000003, 4968.025099999944
m5a.16xlarge, SUSE Linux, 288, 4, 9941.443299999977, 6418.043200000001, 3523.400099999976
r5d.16xlarge, SUSE Linux, 288, 6, 9182.809700000009, 6673.633999999955, 2509.1757000000534
r5d.large, SUSE Linux, 388, 16, 1190.5032000000074, 1116.7033000000004, 73.79990000000703
m5ad.2xlarge, SUSE Linux, 381, 37, 2786.5419999999995, 2055.1264000000047, 731.4155999999948
m5ad.4xlarge, SUSE Linux, 381, 15, 4202.354700000011, 3031.756200000011, 1170.5984999999996
r5d.12xlarge, SUSE Linux, 388, 10, 9358.672000000002, 7451.465900000077, 1907.2060999999248
r5a.24xlarge, SUSE Linux, 387, 12, 16940.416599999975, 13821.886299999955, 3118.5303000000204
m5ad.16xlarge, SUSE Linux, 106, 2, 5306.505900000004, 2808.8975999999984, 2497.6083000000053
m5ad.24xlarge, SUSE Linux, 381, 16, 27538.069599999973, 13082.032699999912, 14456.036900000061
m5ad.xlarge, SUSE Linux, 381, 15, 1744.3167999999994, 1473.050999999999, 271.26580000000035
r5d.2xlarge, SUSE Linux, 388, 9, 2705.527299999998, 2151.0533000000005, 554.4739999999974
r5a.2xlarge, SUSE Linux, 387, 31, 2574.7935, 2094.3263999999976, 480.4671000000026
r5d.4xlarge, SUSE Linux, 388, 25, 3851.9773, 3223.4255000000035, 628.5517999999965
m5ad.8xlarge, SUSE Linux, 106, 4, 1595.2920999999994, 1531.6056000000012, 63.686499999998205
r5d.8xlarge, SUSE Linux, 288, 3, 4667.541099999994, 3735.3548000000096, 932.1862999999844
r5d.24xlarge, SUSE Linux, 388, 11, 17079.4709, 13840.810000000061, 3238.660899999939
m5ad.large, SUSE Linux, 381, 15, 1242.199799999999, 1086.4985999999967, 155.70120000000225
r5dn.24xlarge, SUSE Linux, 183, 3, 7773.154799999997, 5286.423499999995, 2486.7313000000013
r5a.4xlarge, SUSE Linux, 388, 11, 4096.835400000004, 3171.2248, 925.6106000000036
m5a.2xlarge, SUSE Linux, 388, 34, 2349.8691, 2077.757600000003, 272.1114999999968
r5a.16xlarge, SUSE Linux, 288, 2, 11711.99819999994, 6685.237199999956, 5026.760999999984
m5a.4xlarge, SUSE Linux, 388, 13, 4180.939799999999, 3087.794400000013, 1093.1453999999862
r5dn.16xlarge, SUSE Linux, 183, 1, 5364.810400000016, 3704.373200000012, 1660.437200000004
i3en.large, SUSE Linux, 338, 7, 1332.0105000000049, 1280.4424000000047, 51.568100000000186
r5ad.8xlarge, SUSE Linux, 106, 3, 1670.8223999999966, 1606.1848000000016, 64.63759999999502
m5dn.24xlarge, SUSE Linux, 183, 4, 7444.533200000029, 5069.737999999994, 2374.795200000035
m5dn.4xlarge, SUSE Linux, 183, 1, 4130.415400000012, 1294.8691999999967, 2835.5462000000152
m5a.24xlarge, SUSE Linux, 387, 13, 16189.502399999965, 13246.135199999972, 2943.3671999999933
r5dn.4xlarge, SUSE Linux, 183, 3, 4390.3357, 1331.0856000000028, 3059.2500999999966
m5dn.12xlarge, SUSE Linux, 183, 1, 5964.167999999998, 2805.144000000009, 3159.023999999989
m5dn.16xlarge, SUSE Linux, 183, 1, 5146.338800000007, 3559.7131999999956, 1586.6256000000112
m5ad.12xlarge, SUSE Linux, 381, 12, 12598.75349999991, 7829.486400000038, 4769.267099999872
r5d.metal, SUSE Linux, 387, 9, 12247.77299999995, 9573.186899999992, 2674.5860999999586
i3en.xlarge, SUSE Linux, 338, 16, 2010.4655999999975, 1961.4621999999965, 49.003400000000966
m5a.large, SUSE Linux, 388, 19, 1204.5760999999984, 1105.6914999999976, 98.88460000000077
r5dn.12xlarge, SUSE Linux, 183, 1, 4160.9024000000145, 2913.290400000006, 1247.6120000000087
r5d.xlarge, SUSE Linux, 388, 20, 1907.5008000000003, 1515.4867000000036, 392.0140999999967
r5ad.xlarge, SUSE Linux, 381, 12, 1877.6296999999995, 1514.6427000000053, 362.98699999999417
m5a.xlarge, SUSE Linux, 388, 76, 1697.2363999999986, 1507.165499999996, 190.07090000000267
r5.large, SUSE Linux, 388, 51, 1202.9225000000022, 1119.876600000001, 83.04590000000121
c5n.large, SUSE Linux, 388, 23, 1169.947200000001, 1097.985999999999, 71.96120000000201
z1d.12xlarge, SUSE Linux, 388, 7, 17215.381700000064, 14176.637200000008, 3038.7445000000553
t3a.small, SUSE Linux, 351, 6, 754.9866000000004, 729.416400000001, 25.57019999999943
t3a.medium, SUSE Linux, 351, 5, 864.6669999999999, 841.6610000000013, 23.005999999998608
g4dn.12xlarge, SUSE Linux, 203, 2, 6304.937800000035, 6304.8292000000365, 0.10859999999865977
c5n.9xlarge, SUSE Linux, 387, 7, 6927.716799999986, 5443.739600000023, 1483.977199999963
a1.xlarge, SUSE Linux, 302, 2, 974.4910000000002, 942.5159999999969, 31.97500000000332
c5n.metal, SUSE Linux, 245, 2, 12566.760800000011, 7209.366800000005, 5357.394000000006
t3a.xlarge, SUSE Linux, 351, 3, 1272.742599999998, 1219.154399999998, 53.588199999999915
a1.xlarge, Windows, 141, 0, 731.9591999999984, 731.9591999999984, 0.0
z1d.large, SUSE Linux, 388, 15, 1582.7090000000003, 1372.736800000002, 209.97219999999834
g4dn.4xlarge, SUSE Linux, 203, 21, 2355.862699999999, 2347.3664, 8.496299999999337
g4dn.16xlarge, SUSE Linux, 203, 0, 6948.1831999999995, 6948.1831999999995, 0.0
c5n.18xlarge, SUSE Linux, 388, 10, 11890.41579999995, 9877.49000000004, 2012.92579999991
c5n.2xlarge, SUSE Linux, 387, 24, 2324.8507999999997, 2017.1909999999968, 307.65980000000286
t3a.nano, SUSE Linux, 351, 37, 656.7381999999998, 629.3786000000039, 27.359599999995908
g4dn.8xlarge, Red Hat Enterprise Linux, 203, 4, 3821.140600000015, 3813.8016000000184, 7.338999999996759
g4dn.8xlarge, SUSE Linux, 203, 6, 3775.830599999981, 3767.941599999978, 7.889000000003307
g4dn.xlarge, SUSE Linux, 203, 27, 1466.5580999999995, 1308.4681999999982, 158.0899000000013
c5n.4xlarge, SUSE Linux, 388, 18, 4533.555199999996, 2935.498199999988, 1598.057000000008
g4dn.8xlarge, Linux/UNIX, 203, 4, 3187.780599999997, 3180.441599999995, 7.339000000001761
t3a.2xlarge, SUSE Linux, 351, 6, 1710.858000000001, 1595.4595999999967, 115.39840000000436
t3a.large, SUSE Linux, 351, 5, 958.9413000000021, 923.2780000000009, 35.663300000001186
a1.2xlarge, SUSE Linux, 302, 2, 1211.3211999999976, 1159.0320000000083, 52.28919999998925
a1.4xlarge, SUSE Linux, 301, 2, 2124.4312, 1588.1831999999965, 536.2480000000035
i3en.12xlarge, SUSE Linux, 338, 1, 14147.11489999994, 14111.296399999941, 35.8184999999994
z1d.2xlarge, SUSE Linux, 388, 10, 3359.1721000000175, 3109.4884000000134, 249.68370000000414
a1.large, SUSE Linux, 301, 6, 843.7756999999942, 825.6162000000018, 18.159499999992477
c5d.24xlarge, SUSE Linux, 156, 2, 3922.2530999999976, 3790.6744000000094, 131.5786999999882
c5d.24xlarge, Red Hat Enterprise Linux, 156, 2, 4034.5731000000005, 3902.994399999997, 131.57870000000366
z1d.3xlarge, SUSE Linux, 387, 8, 4562.377399999969, 4138.372399999991, 424.0049999999783
z1d.xlarge, SUSE Linux, 388, 10, 2459.014600000001, 2041.6874000000098, 417.3271999999911
c5d.24xlarge, Linux/UNIX, 156, 2, 3547.8531000000035, 3416.274400000008, 131.57869999999548
z1d.6xlarge, SUSE Linux, 388, 17, 7423.107900000006, 7267.165200000025, 155.94269999998141
c5n.xlarge, SUSE Linux, 388, 15, 1660.0365000000013, 1473.7309999999995, 186.30550000000176
c5d.12xlarge, SUSE Linux, 156, 21, 2157.900599999994, 2153.228099999993, 4.672500000001037
r5ad.8xlarge, Red Hat Enterprise Linux, 192, 2, 3029.2991999999867, 2975.284800000009, 54.01439999997774
a1.large, Windows, 141, 0, 365.81040000000047, 365.81040000000047, 0.0
r5ad.8xlarge, Linux/UNIX, 192, 2, 2430.2592, 2376.2448000000018, 54.014399999998204
a1.4xlarge, Windows, 141, 0, 2927.4984000000054, 2927.4984000000054, 0.0
a1.2xlarge, Windows, 141, 0, 1463.9183999999968, 1463.9183999999968, 0.0
a1.metal, Windows, 141, 0, 2927.4984000000054, 2927.4984000000054, 0.0
m5n.8xlarge, SUSE Linux, 183, 2, 6963.296199999985, 2046.0812000000112, 4917.214999999974
c5d.12xlarge, Red Hat Enterprise Linux, 156, 21, 2270.220599999996, 2265.548099999996, 4.672500000000127
c5d.12xlarge, Linux/UNIX, 156, 21, 1783.500600000003, 1778.8281000000031, 4.6724999999999
m5n.large, Windows, 183, 0, 491.9039999999985, 491.9039999999985, 0.0
m5n.xlarge, Red Hat Enterprise Linux, 183, 2, 441.3171000000009, 438.7608000000013, 2.556299999999567
m5n.xlarge, Linux/UNIX, 183, 2, 177.7971000000001, 175.2408000000006, 2.55629999999951
m5a.16xlarge, Red Hat Enterprise Linux, 288, 0, 5311.872000000019, 5311.872000000019, 0.0
m5n.16xlarge, SUSE Linux, 183, 2, 5146.638800000007, 3550.223599999996, 1596.4152000000108
a1.medium, Windows, 141, 0, 183.0743999999995, 183.0743999999995, 0.0
r5ad.8xlarge, Windows, 192, 2, 9213.235199999997, 9159.220800000001, 54.014399999996385
f1.16xlarge, Linux/UNIX, 387, 4, 55667.04000000039, 36780.48000000026, 18886.56000000013
m5a.2xlarge, Linux/UNIX, 388, 29, 1318.0191000000016, 781.8514000000037, 536.1676999999979
m5dn.16xlarge, Windows, 183, 0, 15734.339999999942, 15734.339999999942, 0.0
r5d.16xlarge, Red Hat Enterprise Linux, 288, 2, 5522.070900000017, 5521.996800000017, 0.07409999999981665
m5dn.4xlarge, Windows, 183, 0, 3933.475200000006, 3933.475200000006, 0.0
m5dn.24xlarge, Linux/UNIX, 183, 3, 4254.418300000003, 4206.657600000002, 47.760700000000725
r5d.16xlarge, Linux/UNIX, 288, 2, 4623.510900000027, 4623.436800000027, 0.07409999999981665
m5dn.xlarge, Windows, 183, 0, 983.3688000000016, 983.3688000000016, 0.0
m5dn.large, Red Hat Enterprise Linux, 183, 0, 351.36000000000007, 351.36000000000007, 0.0
r5d.16xlarge, Windows, 288, 0, 24972.364799999854, 24972.364799999854, 0.0
m5dn.large, Linux/UNIX, 183, 0, 87.84000000000002, 87.84000000000002, 0.0
m5dn.24xlarge, Red Hat Enterprise Linux, 183, 3, 4825.3782999999985, 4777.617600000002, 47.76069999999618
h1.2xlarge, Red Hat Enterprise Linux, 217, 5, 1482.462200000008, 1475.724300000009, 6.737899999998945
h1.2xlarge, Linux/UNIX, 301, 5, 1138.0621999999994, 1131.3243000000004, 6.737899999998945
m5dn.12xlarge, Linux/UNIX, 183, 0, 2103.328800000001, 2103.328800000001, 0.0
m5dn.12xlarge, Red Hat Enterprise Linux, 183, 0, 2674.2888, 2674.2888, 0.0
r5n.4xlarge, Windows, 183, 2, 4305.309700000006, 3966.8544000000134, 338.4552999999928
r5n.16xlarge, Linux/UNIX, 183, 1, 2937.808800000007, 2937.808800000007, 0.0
r5n.12xlarge, Windows, 183, 0, 11901.002400000045, 11901.002400000045, 0.0
r5n.24xlarge, Linux/UNIX, 183, 0, 4406.932800000002, 4406.932800000002, 0.0
r5n.24xlarge, Red Hat Enterprise Linux, 183, 0, 4977.892800000004, 4977.892800000004, 0.0
m5dn.large, Windows, 183, 0, 491.9039999999985, 491.9039999999985, 0.0
r5n.16xlarge, Red Hat Enterprise Linux, 183, 1, 3508.7688000000094, 3508.7688000000094, 0.0
m5dn.2xlarge, Linux/UNIX, 183, 2, 1368.7021000000022, 359.7601000000015, 1008.9420000000007
m5dn.2xlarge, Red Hat Enterprise Linux, 183, 2, 1939.662099999997, 930.720100000002, 1008.941999999995
m5dn.12xlarge, Windows, 183, 0, 11800.864799999998, 11800.864799999998, 0.0
m5dn.24xlarge, Windows, 183, 1, 23645.382499999996, 23601.729599999995, 43.652900000000955
m5dn.2xlarge, Windows, 183, 1, 2988.1668999999943, 1966.737600000003, 1021.4292999999911
m5dn.16xlarge, Linux/UNIX, 183, 0, 2804.2920000000067, 2804.2920000000067, 0.0
m5dn.4xlarge, Red Hat Enterprise Linux, 183, 0, 1271.923199999994, 1271.923199999994, 0.0
m5dn.16xlarge, Red Hat Enterprise Linux, 183, 0, 3375.251999999994, 3375.251999999994, 0.0
m5dn.4xlarge, Linux/UNIX, 183, 0, 700.9632000000024, 700.9632000000024, 0.0
r5n.12xlarge, Linux/UNIX, 183, 0, 2203.466400000001, 2203.466400000001, 0.0
r5n.12xlarge, Red Hat Enterprise Linux, 183, 0, 2774.426400000012, 2774.426400000012, 0.0
g3s.xlarge, SUSE Linux, 301, 21, 2803.2658999999976, 2412.352600000012, 390.9132999999856
r5n.xlarge, Windows, 183, 0, 991.7136000000033, 991.7136000000033, 0.0
r5n.4xlarge, Red Hat Enterprise Linux, 183, 2, 1630.9111000000012, 1305.302400000001, 325.6087000000002
r5n.4xlarge, Linux/UNIX, 183, 2, 1059.9510999999977, 734.3423999999964, 325.60870000000136
r5n.2xlarge, Windows, 183, 0, 1983.4272000000067, 1983.4272000000067, 0.0
m5dn.2xlarge, SUSE Linux, 183, 3, 2352.769600000003, 927.7381000000033, 1425.0314999999996
r5n.xlarge, Linux/UNIX, 183, 0, 183.5855999999991, 183.5855999999991, 0.0
r5n.xlarge, Red Hat Enterprise Linux, 183, 0, 447.1055999999988, 447.1055999999988, 0.0
r5n.16xlarge, Windows, 183, 1, 15867.85680000002, 15867.85680000002, 0.0
r5n.2xlarge, Red Hat Enterprise Linux, 183, 7, 941.3403999999989, 939.4704999999988, 1.8699000000001433
r5n.2xlarge, Linux/UNIX, 183, 7, 370.38039999999853, 368.51049999999856, 1.8698999999999728
r5n.24xlarge, Windows, 183, 0, 23802.00480000009, 23802.00480000009, 0.0
r5n.4xlarge, SUSE Linux, 183, 3, 4144.038699999994, 1330.8356000000028, 2813.2030999999906
m5dn.xlarge, Red Hat Enterprise Linux, 183, 2, 444.836600000001, 439.6546000000009, 5.182000000000073
m5dn.xlarge, Linux/UNIX, 183, 2, 181.31660000000002, 176.13460000000026, 5.181999999999761
r5n.2xlarge, SUSE Linux, 183, 11, 1171.4855999999986, 936.2786000000012, 235.20699999999738
r5dn.large, Windows, 183, 2, 669.6423000000004, 505.2523000000013, 164.38999999999913
r5dn.large, Linux/UNIX, 183, 2, 266.8563, 101.09259999999966, 165.7637000000003
r5dn.large, Red Hat Enterprise Linux, 183, 2, 530.3762999999987, 364.61259999999885, 165.7636999999998
m5dn.xlarge, SUSE Linux, 183, 3, 782.2618000000023, 679.2485999999994, 103.01320000000283
r5dn.16xlarge, Windows, 183, 1, 15867.85680000002, 15867.85680000002, 0.0
r5dn.16xlarge, Red Hat Enterprise Linux, 183, 1, 3508.7688000000094, 3508.7688000000094, 0.0
r5dn.large, SUSE Linux, 183, 5, 576.7803999999992, 467.6781999999993, 109.10219999999987
r5dn.4xlarge, Windows, 183, 2, 5110.307200000006, 3966.8544000000134, 1143.4527999999923
r5dn.xlarge, Windows, 183, 1, 1279.2652000000014, 991.7136000000033, 287.5515999999981
r5dn.16xlarge, Linux/UNIX, 183, 1, 2937.808800000007, 2937.808800000007, 0.0
r5dn.4xlarge, Linux/UNIX, 183, 2, 1878.1365999999998, 734.3423999999964, 1143.7942000000035
r5dn.4xlarge, Red Hat Enterprise Linux, 183, 2, 2449.0966, 1305.302400000001, 1143.794199999999
r5dn.xlarge, Linux/UNIX, 183, 1, 472.8658, 183.5855999999991, 289.2802000000009
r5dn.xlarge, Red Hat Enterprise Linux, 183, 1, 736.3857999999999, 447.1055999999988, 289.2802000000011
g3s.xlarge, Linux/UNIX, 301, 17, 2080.8659000000007, 1635.9213000000082, 444.94459999999253
g3s.xlarge, Red Hat Enterprise Linux, 304, 17, 2550.9632000000024, 2087.3901999999916, 463.5730000000108
inf1.24xlarge, Red Hat Enterprise Linux, 129, 6, 10849.469399999989, 7475.292000000011, 3374.1773999999778
inf1.24xlarge, Linux/UNIX, 129, 6, 10446.989400000011, 7072.812000000022, 3374.1773999999896
inf1.24xlarge, SUSE Linux, 129, 6, 10857.439400000003, 7423.212000000001, 3434.2274000000016
r5dn.2xlarge, SUSE Linux, 183, 2, 1735.0138999999983, 935.7585000000012, 799.2553999999972
m5n.4xlarge, Linux/UNIX, 183, 3, 977.155000000003, 700.9632000000024, 276.1918000000006
m5n.4xlarge, Red Hat Enterprise Linux, 183, 3, 1548.1149999999968, 1271.923199999994, 276.1918000000028
m5n.4xlarge, SUSE Linux, 183, 4, 1709.7776000000013, 1295.2691999999968, 414.5084000000045
r5dn.2xlarge, Linux/UNIX, 183, 1, 1403.2192999999986, 367.36329999999833, 1035.8560000000002
r5dn.2xlarge, Red Hat Enterprise Linux, 183, 1, 1974.1793000000023, 938.3232999999984, 1035.8560000000039
